edition_ID,City_ID,Language,State,Date,Copies Sold,copies_returned,Net_Circulation,Original Date,Month,Year
ED1005,C005,Hindi,Rajasthan,23-May,404389,13510,390879,2023-May,5,2023
ED1005,C005,Hindi,Rajasthan,19-Mar,492943,25024,467919,2019-Mar,3,2019
ED1001,C001,Hindi,Uttar Pradesh,23-Jul,168893,12285,156608,2023-Jul,7,2023
ED1003,C003,Hindi,Madhya Pradesh,23-Jul,216540,10117,206423,2023-Jul,7,2023
ED1007,C007,Hindi,Jharkhand,20-Oct,234563,13048,221515,2020-Oct,10,2020
ED1001,C001,Hindi,Uttar Pradesh,24-Jun,149986,6387,143599,2024-Jun,6,2024
ED1001,C001,Hindi,Uttar Pradesh,24-Apr,155269,9394,145875,2024-Apr,4,2024
ED1003,C003,Hindi,Madhya Pradesh,19-Feb,274749,13327,261422,2019-Feb,2,2019
ED1005,C005,Hindi,Rajasthan,19-May,498423,30933,467490,2019-May,5,2019
ED1006,C006,English,Maharashtra,21-Jul,377357,17925,359432,2021-Jul,7,2021
ED1010,C010,Hindi,Uttar Pradesh,23-Nov,389952,17470,372482,2023-Nov,11,2023
ED1007,C007,Hindi,Jharkhand,20-May,234054,14644,219410,2020-May,5,2020
ED1001,C001,Hindi,Uttar Pradesh,22-Apr,166729,5975,160754,2022-Apr,4,2022
ED1002,C002,English,Delhi,21-Jun,351210,18616,332594,2021-Jun,6,2021
ED1006,C006,English,Maharashtra,24-Nov,304809,13930,290879,2024-Nov,11,2024
ED1005,C005,Hindi,Rajasthan,22-May,422488,22678,399810,2022-May,5,2022
ED1002,C002,English,Delhi,20-Mar,356422,17505,338917,2020-Mar,3,2020
ED1009,C009,Hindi,Gujarat,23-Apr,266904,13638,253266,2023-Apr,4,2023
ED1004,C004,Hindi,Bihar,22-Aug,231765,14158,217607,2022-Aug,8,2022
ED1003,C003,Hindi,Madhya Pradesh,24-Oct,207963,9464,198499,2024-Oct,10,2024
ED1007,C007,Hindi,Jharkhand,20-Mar,232783,7954,224829,2020-Mar,3,2020
ED1006,C006,English,Maharashtra,19-Aug,424402,26771,397631,2019-Aug,8,2019
ED1001,C001,Hindi,Uttar Pradesh,21-Oct,194492,12156,182336,2021-Oct,10,2021
ED1010,C010,Hindi,Uttar Pradesh,22-Mar,390340,12438,377902,2022-Mar,3,2022
ED1007,C007,Hindi,Jharkhand,22-Nov,216680,7052,209628,2022-Nov,11,2022
ED1005,C005,Hindi,Rajasthan,21-Dec,422959,18890,404069,2021-Dec,12,2021
ED1004,C004,Hindi,Bihar,22-Mar,215106,13963,201143,2022-Mar,3,2022
ED1003,C003,Hindi,Madhya Pradesh,24-Jul,211625,15649,195976,2024-Jul,7,2024
ED1002,C002,English,Delhi,23-Jan,319153,13703,305450,2023-Jan,1,2023
ED1002,C002,English,Delhi,24-Feb,299137,22038,277099,2024-Feb,2,2024
ED1006,C006,English,Maharashtra,23-Oct,333322,13546,319776,2023-Oct,10,2023
ED1006,C006,English,Maharashtra,19-Apr,413633,28647,384986,2019-Apr,4,2019
ED1005,C005,Hindi,Rajasthan,23-Jan,395177,20456,374721,2023-Jan,1,2023
ED1006,C006,English,Maharashtra,20-Apr,389210,11735,377475,2020-Apr,4,2020
ED1008,C008,Hindi,Uttar Pradesh,24-Aug,283139,21735,261404,2024-Aug,8,2024
ED1009,C009,Hindi,Gujarat,24-Jan,231585,10447,221138,2024-Jan,1,2024
ED1010,C010,Hindi,Uttar Pradesh,24-Sep,364199,26695,337504,2024-Sep,9,2024
ED1008,C008,Hindi,Uttar Pradesh,24-Jun,299314,17723,281591,2024-Jun,6,2024
ED1009,C009,Hindi,Gujarat,19-Aug,312856,13297,299559,2019-Aug,8,2019
ED1007,C007,Hindi,Jharkhand,24-Feb,179614,10816,168798,2024-Feb,2,2024
ED1005,C005,Hindi,Rajasthan,20-Jan,447359,26679,420680,2020-Jan,1,2020
ED1002,C002,English,Delhi,24-Apr,291694,22100,269594,2024-Apr,4,2024
ED1001,C001,Hindi,Uttar Pradesh,23-Feb,171576,11259,160317,2023-Feb,2,2023
ED1010,C010,Hindi,Uttar Pradesh,24-May,363888,17379,346509,2024-May,5,2024
ED1006,C006,English,Maharashtra,23-Sep,346960,20431,326529,2023-Sep,9,2023
ED1002,C002,English,Delhi,19-Jan,396250,15569,380681,2019-Jan,1,2019
ED1005,C005,Hindi,Rajasthan,23-Jul,386491,28006,358485,2023-Jul,7,2023
ED1009,C009,Hindi,Gujarat,20-Oct,295294,20493,274801,2020-Oct,10,2020
ED1010,C010,Hindi,Uttar Pradesh,19-Apr,495571,36995,458576,2019-Apr,4,2019
ED1002,C002,English,Delhi,19-Jun,387789,11738,376051,2019-Jun,6,2019
ED1008,C008,Hindi,Uttar Pradesh,20-Jul,351326,11148,340178,2020-Jul,7,2020
ED1010,C010,Hindi,Uttar Pradesh,21-Jan,413556,31538,382018,2021-Jan,1,2021
ED1007,C007,Hindi,Jharkhand,19-Jun,235078,10381,224697,2019-Jun,6,2019
ED1009,C009,Hindi,Gujarat,20-Apr,312704,17758,294946,2020-Apr,4,2020
ED1002,C002,English,Delhi,23-Dec,292264,19810,272454,2023-Dec,12,2023
ED1005,C005,Hindi,Rajasthan,24-May,382678,27859,354819,2024-May,5,2024
ED1003,C003,Hindi,Madhya Pradesh,24-Aug,215145,13945,201200,2024-Aug,8,2024
ED1003,C003,Hindi,Madhya Pradesh,24-Dec,211342,16081,195261,2024-Dec,12,2024
ED1002,C002,English,Delhi,20-Jan,374659,20241,354418,2020-Jan,1,2020
ED1005,C005,Hindi,Rajasthan,22-Jun,430228,15138,415090,2022-Jun,6,2022
ED1008,C008,Hindi,Uttar Pradesh,21-May,351882,27321,324561,2021-May,5,2021
ED1001,C001,Hindi,Uttar Pradesh,19-Nov,208186,8632,199554,2019-Nov,11,2019
ED1002,C002,English,Delhi,19-Jul,384598,20109,364489,2019-Jul,7,2019
ED1006,C006,English,Maharashtra,21-Oct,362712,24978,337734,2021-Oct,10,2021
ED1004,C004,Hindi,Bihar,21-Nov,240275,13003,227272,2021-Nov,11,2021
ED1002,C002,English,Delhi,21-Feb,341324,10896,330428,2021-Feb,2,2021
ED1010,C010,Hindi,Uttar Pradesh,19-Jul,478384,26410,451974,2019-Jul,7,2019
ED1003,C003,Hindi,Madhya Pradesh,19-Dec,281893,17252,264641,2019-Dec,12,2019
ED1008,C008,Hindi,Uttar Pradesh,20-Dec,370710,20295,350415,2020-Dec,12,2020
ED1009,C009,Hindi,Gujarat,20-Sep,304566,22870,281696,2020-Sep,9,2020
ED1010,C010,Hindi,Uttar Pradesh,20-Sep,479906,26402,453504,2020-Sep,9,2020
ED1006,C006,English,Maharashtra,23-Jan,348027,24975,323052,2023-Jan,1,2023
ED1002,C002,English,Delhi,19-Oct,372975,27522,345453,2019-Oct,10,2019
ED1006,C006,English,Maharashtra,20-Nov,397852,28110,369742,2020-Nov,11,2020
ED1003,C003,Hindi,Madhya Pradesh,19-May,297817,20351,277466,2019-May,5,2019
ED1008,C008,Hindi,Uttar Pradesh,21-Sep,329679,12959,316720,2021-Sep,9,2021
ED1009,C009,Hindi,Gujarat,19-Jun,334610,22617,311993,2019-Jun,6,2019
ED1005,C005,Hindi,Rajasthan,23-Sep,385975,11796,374179,2023-Sep,9,2023
ED1010,C010,Hindi,Uttar Pradesh,24-Jul,377974,24863,353111,2024-Jul,7,2024
ED1004,C004,Hindi,Bihar,21-Sep,243443,17615,225828,2021-Sep,9,2021
ED1008,C008,Hindi,Uttar Pradesh,21-Jun,354278,19786,334492,2021-Jun,6,2021
ED1005,C005,Hindi,Rajasthan,20-Jul,448097,22270,425827,2020-Jul,7,2020
ED1003,C003,Hindi,Madhya Pradesh,23-Jan,236649,17145,219504,2023-Jan,1,2023
ED1005,C005,Hindi,Rajasthan,19-Dec,488725,16187,472538,2019-Dec,12,2019
ED1001,C001,Hindi,Uttar Pradesh,21-Aug,191534,11091,180443,2021-Aug,8,2021
ED1007,C007,Hindi,Jharkhand,24-Dec,188572,8788,179784,2024-Dec,12,2024
ED1008,C008,Hindi,Uttar Pradesh,22-Oct,321968,10534,311434,2022-Oct,10,2022
ED1004,C004,Hindi,Bihar,20-Apr,259434,8473,250961,2020-Apr,4,2020
ED1007,C007,Hindi,Jharkhand,21-Feb,222154,11636,210518,2021-Feb,2,2021
ED1010,C010,Hindi,Uttar Pradesh,20-Jan,444565,25107,419458,2020-Jan,1,2020
ED1004,C004,Hindi,Bihar,20-Jul,241009,14832,226177,2020-Jul,7,2020
ED1001,C001,Hindi,Uttar Pradesh,23-Aug,162799,10087,152712,2023-Aug,8,2023
ED1003,C003,Hindi,Madhya Pradesh,24-Jun,218393,11815,206578,2024-Jun,6,2024
ED1005,C005,Hindi,Rajasthan,23-Mar,407058,26710,380348,2023-Mar,3,2023
ED1003,C003,Hindi,Madhya Pradesh,21-Jul,265136,13672,251464,2021-Jul,7,2021
ED1005,C005,Hindi,Rajasthan,24-Mar,357236,21401,335835,2024-Mar,3,2024
ED1002,C002,English,Delhi,19-May,397820,27489,370331,2019-May,5,2019
ED1001,C001,Hindi,Uttar Pradesh,19-Mar,198628,13704,184924,2019-Mar,3,2019
ED1008,C008,Hindi,Uttar Pradesh,22-Sep,317011,13471,303540,2022-Sep,9,2022
ED1002,C002,English,Delhi,22-Feb,336080,11781,324299,2022-Feb,2,2022
ED1005,C005,Hindi,Rajasthan,19-Apr,492394,15835,476559,2019-Apr,4,2019
ED1010,C010,Hindi,Uttar Pradesh,24-Aug,375754,12602,363152,2024-Aug,8,2024
ED1005,C005,Hindi,Rajasthan,20-Dec,473341,22205,451136,2020-Dec,12,2020
ED1005,C005,Hindi,Rajasthan,24-Apr,363198,18301,344897,2024-Apr,4,2024
ED1003,C003,Hindi,Madhya Pradesh,24-May,215893,16101,199792,2024-May,5,2024
ED1005,C005,Hindi,Rajasthan,24-Oct,363181,14806,348375,2024-Oct,10,2024
ED1003,C003,Hindi,Madhya Pradesh,22-Feb,238270,8488,229782,2022-Feb,2,2022
ED1004,C004,Hindi,Bihar,20-Aug,242482,11939,230543,2020-Aug,8,2020
ED1004,C004,Hindi,Bihar,19-Dec,271003,20167,250836,2019-Dec,12,2019
ED1010,C010,Hindi,Uttar Pradesh,19-Oct,507012,19757,487255,2019-Oct,10,2019
ED1002,C002,English,Delhi,22-Nov,327736,20675,307061,2022-Nov,11,2022
ED1007,C007,Hindi,Jharkhand,20-Jul,237334,8538,228796,2020-Jul,7,2020
ED1009,C009,Hindi,Gujarat,22-Dec,288006,20972,267034,2022-Dec,12,2022
ED1002,C002,English,Delhi,20-Jul,360134,23892,336242,2020-Jul,7,2020
ED1008,C008,Hindi,Uttar Pradesh,19-Nov,385207,25419,359788,2019-Nov,11,2019
ED1005,C005,Hindi,Rajasthan,22-Apr,406326,24740,381586,2022-Apr,4,2022
ED1006,C006,English,Maharashtra,20-Jun,408191,25077,383114,2020-Jun,6,2020
ED1001,C001,Hindi,Uttar Pradesh,24-Jan,162016,12321,149695,2024-Jan,1,2024
ED1009,C009,Hindi,Gujarat,19-Apr,323016,24055,298961,2019-Apr,4,2019
ED1001,C001,Hindi,Uttar Pradesh,21-Jul,184874,11596,173278,2021-Jul,7,2021
ED1001,C001,Hindi,Uttar Pradesh,24-Oct,161378,10424,150954,2024-Oct,10,2024
ED1006,C006,English,Maharashtra,22-Mar,349292,10742,338550,2022-Mar,3,2022
ED1009,C009,Hindi,Gujarat,22-Nov,265761,10014,255747,2022-Nov,11,2022
ED1001,C001,Hindi,Uttar Pradesh,22-Sep,180272,13479,166793,2022-Sep,9,2022
ED1005,C005,Hindi,Rajasthan,19-Jul,495839,27892,467947,2019-Jul,7,2019
ED1001,C001,Hindi,Uttar Pradesh,24-Nov,146927,7829,139098,2024-Nov,11,2024
ED1006,C006,English,Maharashtra,21-May,394747,29544,365203,2021-May,5,2021
ED1010,C010,Hindi,Uttar Pradesh,19-May,480926,35500,445426,2019-May,5,2019
ED1009,C009,Hindi,Gujarat,20-Jan,298464,18346,280118,2020-Jan,1,2020
ED1007,C007,Hindi,Jharkhand,21-Jul,211986,7591,204395,2021-Jul,7,2021
ED1010,C010,Hindi,Uttar Pradesh,21-Feb,437450,18105,419345,2021-Feb,2,2021
ED1006,C006,English,Maharashtra,24-Jan,307998,13660,294338,2024-Jan,1,2024
ED1004,C004,Hindi,Bihar,19-May,256933,11125,245808,2019-May,5,2019
ED1008,C008,Hindi,Uttar Pradesh,23-Jan,291126,9742,281384,2023-Jan,1,2023
ED1005,C005,Hindi,Rajasthan,22-Dec,431462,25557,405905,2022-Dec,12,2022
ED1010,C010,Hindi,Uttar Pradesh,24-Mar,360722,23761,336961,2024-Mar,3,2024
ED1002,C002,English,Delhi,24-May,273965,21792,252173,2024-May,5,2024
ED1001,C001,Hindi,Uttar Pradesh,19-Jul,204007,12846,191161,2019-Jul,7,2019
ED1004,C004,Hindi,Bihar,19-Aug,277633,19458,258175,2019-Aug,8,2019
ED1003,C003,Hindi,Madhya Pradesh,20-Sep,262987,9491,253496,2020-Sep,9,2020
ED1003,C003,Hindi,Madhya Pradesh,20-Oct,270763,19009,251754,2020-Oct,10,2020
ED1003,C003,Hindi,Madhya Pradesh,23-Aug,237182,15764,221418,2023-Aug,8,2023
ED1002,C002,English,Delhi,24-Jan,282501,17096,265405,2024-Jan,1,2024
ED1007,C007,Hindi,Jharkhand,24-Oct,181025,11340,169685,2024-Oct,10,2024
ED1006,C006,English,Maharashtra,21-Dec,375713,13938,361775,2021-Dec,12,2021
ED1001,C001,Hindi,Uttar Pradesh,22-Jun,177239,13834,163405,2022-Jun,6,2022
ED1002,C002,English,Delhi,22-Jan,333163,13288,319875,2022-Jan,1,2022
ED1009,C009,Hindi,Gujarat,24-Sep,234482,17217,217265,2024-Sep,9,2024
ED1001,C001,Hindi,Uttar Pradesh,23-Sep,163687,5466,158221,2023-Sep,9,2023
ED1003,C003,Hindi,Madhya Pradesh,20-Mar,272221,21026,251195,2020-Mar,3,2020
ED1007,C007,Hindi,Jharkhand,21-Sep,230861,9420,221441,2021-Sep,9,2021
ED1005,C005,Hindi,Rajasthan,22-Jan,406330,31543,374787,2022-Jan,1,2022
ED1008,C008,Hindi,Uttar Pradesh,21-Apr,331517,14384,317133,2021-Apr,4,2021
ED1001,C001,Hindi,Uttar Pradesh,21-Jan,192396,12034,180362,2021-Jan,1,2021
ED1008,C008,Hindi,Uttar Pradesh,22-Feb,309472,10895,298577,2022-Feb,2,2022
ED1004,C004,Hindi,Bihar,22-Sep,222260,14531,207729,2022-Sep,9,2022
ED1008,C008,Hindi,Uttar Pradesh,22-Nov,337050,21221,315829,2022-Nov,11,2022
ED1005,C005,Hindi,Rajasthan,20-Mar,445242,18829,426413,2020-Mar,3,2020
ED1006,C006,English,Maharashtra,24-Dec,311533,22068,289465,2024-Dec,12,2024
ED1002,C002,English,Delhi,22-Mar,310536,10843,299693,2022-Mar,3,2022
ED1002,C002,English,Delhi,19-Nov,400587,29577,371010,2019-Nov,11,2019
ED1001,C001,Hindi,Uttar Pradesh,23-Apr,157662,11393,146269,2023-Apr,4,2023
ED1010,C010,Hindi,Uttar Pradesh,21-Aug,433448,22366,411082,2021-Aug,8,2021
ED1009,C009,Hindi,Gujarat,19-Jan,324890,12993,311897,2019-Jan,1,2019
ED1009,C009,Hindi,Gujarat,20-Feb,320761,14024,306737,2020-Feb,2,2020
ED1004,C004,Hindi,Bihar,24-Jun,196578,14879,181699,2024-Jun,6,2024
ED1004,C004,Hindi,Bihar,22-Jun,217818,10245,207573,2022-Jun,6,2022
ED1009,C009,Hindi,Gujarat,24-Apr,236282,15681,220601,2024-Apr,4,2024
ED1005,C005,Hindi,Rajasthan,21-Jul,421446,30319,391127,2021-Jul,7,2021
ED1001,C001,Hindi,Uttar Pradesh,20-Jul,191981,10816,181165,2020-Jul,7,2020
ED1004,C004,Hindi,Bihar,21-May,249319,14148,235171,2021-May,5,2021
ED1006,C006,English,Maharashtra,21-Nov,377815,17511,360304,2021-Nov,11,2021
ED1009,C009,Hindi,Gujarat,21-Apr,294325,15248,279077,2021-Apr,4,2021
ED1007,C007,Hindi,Jharkhand,24-Aug,192417,7528,184889,2024-Aug,8,2024
ED1001,C001,Hindi,Uttar Pradesh,24-Feb,156049,9881,146168,2024-Feb,2,2024
ED1003,C003,Hindi,Madhya Pradesh,22-Mar,250696,9111,241585,2022-Mar,3,2022
ED1008,C008,Hindi,Uttar Pradesh,19-Mar,377684,22830,354854,2019-Mar,3,2019
ED1001,C001,Hindi,Uttar Pradesh,21-Jun,185010,12024,172986,2021-Jun,6,2021
ED1003,C003,Hindi,Madhya Pradesh,24-Jan,212594,8304,204290,2024-Jan,1,2024
ED1010,C010,Hindi,Uttar Pradesh,23-Jun,404964,12252,392712,2023-Jun,6,2023
ED1004,C004,Hindi,Bihar,23-Feb,211696,7360,204336,2023-Feb,2,2023
ED1005,C005,Hindi,Rajasthan,24-Sep,351552,20359,331193,2024-Sep,9,2024
ED1007,C007,Hindi,Jharkhand,22-Feb,215220,12387,202833,2022-Feb,2,2022
ED1010,C010,Hindi,Uttar Pradesh,20-Aug,439256,15046,424210,2020-Aug,8,2020
ED1007,C007,Hindi,Jharkhand,20-Jun,234837,17358,217479,2020-Jun,6,2020
ED1007,C007,Hindi,Jharkhand,19-Jan,244851,15400,229451,2019-Jan,1,2019
ED1009,C009,Hindi,Gujarat,22-Aug,263343,11298,252045,2022-Aug,8,2022
ED1004,C004,Hindi,Bihar,22-May,225790,8189,217601,2022-May,5,2022
ED1005,C005,Hindi,Rajasthan,24-Jun,359048,23375,335673,2024-Jun,6,2024
ED1007,C007,Hindi,Jharkhand,19-Aug,252600,10479,242121,2019-Aug,8,2019
ED1003,C003,Hindi,Madhya Pradesh,21-Sep,249931,11173,238758,2021-Sep,9,2021
ED1004,C004,Hindi,Bihar,20-Dec,245115,8048,237067,2020-Dec,12,2020
ED1006,C006,English,Maharashtra,24-Jul,318741,21801,296940,2024-Jul,7,2024
ED1002,C002,English,Delhi,24-Jun,297083,22671,274412,2024-Jun,6,2024
ED1003,C003,Hindi,Madhya Pradesh,23-May,232941,18260,214681,2023-May,5,2023
ED1010,C010,Hindi,Uttar Pradesh,21-Mar,417421,25048,392373,2021-Mar,3,2021
ED1003,C003,Hindi,Madhya Pradesh,20-Aug,281482,12595,268887,2020-Aug,8,2020
ED1005,C005,Hindi,Rajasthan,24-Aug,358432,16536,341896,2024-Aug,8,2024
ED1009,C009,Hindi,Gujarat,23-Aug,255668,15172,240496,2023-Aug,8,2023
ED1007,C007,Hindi,Jharkhand,22-Mar,200941,14065,186876,2022-Mar,3,2022
ED1009,C009,Hindi,Gujarat,19-Mar,327435,22851,304584,2019-Mar,3,2019
ED1007,C007,Hindi,Jharkhand,22-Jan,203847,13715,190132,2022-Jan,1,2022
ED1005,C005,Hindi,Rajasthan,21-Aug,421999,13339,408660,2021-Aug,8,2021
ED1008,C008,Hindi,Uttar Pradesh,21-Jul,341449,18181,323268,2021-Jul,7,2021
ED1002,C002,English,Delhi,21-Sep,352928,22534,330394,2021-Sep,9,2021
ED1002,C002,English,Delhi,22-Jul,323679,21547,302132,2022-Jul,7,2022
ED1010,C010,Hindi,Uttar Pradesh,21-Apr,443605,31772,411833,2021-Apr,4,2021
ED1003,C003,Hindi,Madhya Pradesh,24-Sep,212229,11973,200256,2024-Sep,9,2024
ED1009,C009,Hindi,Gujarat,24-Oct,247205,10947,236258,2024-Oct,10,2024
ED1006,C006,English,Maharashtra,20-Oct,387298,30334,356964,2020-Oct,10,2020
ED1002,C002,English,Delhi,20-Sep,375918,19433,356485,2020-Sep,9,2020
ED1001,C001,Hindi,Uttar Pradesh,19-Aug,205447,12781,192666,2019-Aug,8,2019
ED1002,C002,English,Delhi,20-Jun,370168,20752,349416,2020-Jun,6,2020
ED1008,C008,Hindi,Uttar Pradesh,22-Jun,309216,14045,295171,2022-Jun,6,2022
ED1010,C010,Hindi,Uttar Pradesh,22-May,423964,26807,397157,2022-May,5,2022
ED1008,C008,Hindi,Uttar Pradesh,21-Nov,358005,21923,336082,2021-Nov,11,2021
ED1008,C008,Hindi,Uttar Pradesh,22-Dec,325235,10835,314400,2022-Dec,12,2022
ED1009,C009,Hindi,Gujarat,20-Nov,305201,22834,282367,2020-Nov,11,2020
ED1010,C010,Hindi,Uttar Pradesh,23-Feb,373504,11939,361565,2023-Feb,2,2023
ED1002,C002,English,Delhi,24-Sep,292026,19106,272920,2024-Sep,9,2024
ED1001,C001,Hindi,Uttar Pradesh,21-May,192181,10922,181259,2021-May,5,2021
ED1001,C001,Hindi,Uttar Pradesh,22-Aug,168287,7054,161233,2022-Aug,8,2022
ED1001,C001,Hindi,Uttar Pradesh,22-Jul,179596,8762,170834,2022-Jul,7,2022
ED1002,C002,English,Delhi,19-Feb,371419,23489,347930,2019-Feb,2,2019
ED1003,C003,Hindi,Madhya Pradesh,20-Dec,260310,20595,239715,2020-Dec,12,2020
ED1008,C008,Hindi,Uttar Pradesh,23-Jun,304510,10203,294307,2023-Jun,6,2023
ED1009,C009,Hindi,Gujarat,23-Jun,247690,12116,235574,2023-Jun,6,2023
ED1001,C001,Hindi,Uttar Pradesh,24-Jul,160376,6900,153476,2024-Jul,7,2024
ED1001,C001,Hindi,Uttar Pradesh,19-Dec,201150,15258,185892,2019-Dec,12,2019
ED1005,C005,Hindi,Rajasthan,22-Mar,407619,21910,385709,2022-Mar,3,2022
ED1009,C009,Hindi,Gujarat,19-Nov,321586,24801,296785,2019-Nov,11,2019
ED1003,C003,Hindi,Madhya Pradesh,21-Nov,263279,12141,251138,2021-Nov,11,2021
ED1004,C004,Hindi,Bihar,24-Nov,195545,11170,184375,2024-Nov,11,2024
ED1008,C008,Hindi,Uttar Pradesh,22-Aug,333280,23147,310133,2022-Aug,8,2022
ED1007,C007,Hindi,Jharkhand,19-Mar,240891,9682,231209,2019-Mar,3,2019
ED1010,C010,Hindi,Uttar Pradesh,22-Jan,430430,16040,414390,2022-Jan,1,2022
ED1007,C007,Hindi,Jharkhand,20-Aug,242274,17654,224620,2020-Aug,8,2020
ED1003,C003,Hindi,Madhya Pradesh,21-Oct,251391,19909,231482,2021-Oct,10,2021
ED1008,C008,Hindi,Uttar Pradesh,19-Oct,384291,12636,371655,2019-Oct,10,2019
ED1010,C010,Hindi,Uttar Pradesh,19-Feb,499292,22929,476363,2019-Feb,2,2019
ED1002,C002,English,Delhi,19-Dec,395790,12887,382903,2019-Dec,12,2019
ED1004,C004,Hindi,Bihar,19-Mar,276670,11636,265034,2019-Mar,3,2019
ED1007,C007,Hindi,Jharkhand,23-Jun,202048,6080,195968,2023-Jun,6,2023
ED1008,C008,Hindi,Uttar Pradesh,19-Apr,398299,16477,381822,2019-Apr,4,2019
ED1007,C007,Hindi,Jharkhand,21-Dec,210325,16350,193975,2021-Dec,12,2021
ED1009,C009,Hindi,Gujarat,22-Oct,285568,16700,268868,2022-Oct,10,2022
ED1009,C009,Hindi,Gujarat,23-Oct,268108,14074,254034,2023-Oct,10,2023
ED1006,C006,English,Maharashtra,24-Mar,330634,21466,309168,2024-Mar,3,2024
ED1002,C002,English,Delhi,19-Aug,379822,21149,358673,2019-Aug,8,2019
ED1001,C001,Hindi,Uttar Pradesh,20-Dec,204263,10604,193659,2020-Dec,12,2020
ED1001,C001,Hindi,Uttar Pradesh,20-Apr,193147,11422,181725,2020-Apr,4,2020
ED1006,C006,English,Maharashtra,23-Apr,321252,11856,309396,2023-Apr,4,2023
ED1007,C007,Hindi,Jharkhand,20-Feb,240730,17118,223612,2020-Feb,2,2020
ED1004,C004,Hindi,Bihar,23-Dec,208141,12397,195744,2023-Dec,12,2023
ED1004,C004,Hindi,Bihar,21-Aug,229744,9684,220060,2021-Aug,8,2021
ED1005,C005,Hindi,Rajasthan,19-Sep,511248,26801,484447,2019-Sep,9,2019
ED1008,C008,Hindi,Uttar Pradesh,21-Feb,359948,15287,344661,2021-Feb,2,2021
ED1007,C007,Hindi,Jharkhand,23-Aug,186610,8792,177818,2023-Aug,8,2023
ED1004,C004,Hindi,Bihar,23-Jan,207491,10981,196510,2023-Jan,1,2023
ED1006,C006,English,Maharashtra,20-Sep,395698,28423,367275,2020-Sep,9,2020
ED1005,C005,Hindi,Rajasthan,22-Aug,429263,13831,415432,2022-Aug,8,2022
ED1005,C005,Hindi,Rajasthan,22-Nov,416265,18289,397976,2022-Nov,11,2022
ED1006,C006,English,Maharashtra,24-Jun,327225,10187,317038,2024-Jun,6,2024
ED1001,C001,Hindi,Uttar Pradesh,19-Oct,205192,6805,198387,2019-Oct,10,2019
ED1004,C004,Hindi,Bihar,21-Oct,233994,14684,219310,2021-Oct,10,2021
ED1001,C001,Hindi,Uttar Pradesh,20-Nov,195830,12781,183049,2020-Nov,11,2020
ED1004,C004,Hindi,Bihar,19-Jun,277718,11991,265727,2019-Jun,6,2019
ED1009,C009,Hindi,Gujarat,23-May,268292,15003,253289,2023-May,5,2023
ED1010,C010,Hindi,Uttar Pradesh,23-Sep,405577,27776,377801,2023-Sep,9,2023
ED1006,C006,English,Maharashtra,19-Mar,432945,18010,414935,2019-Mar,3,2019
ED1009,C009,Hindi,Gujarat,21-Feb,286431,14594,271837,2021-Feb,2,2021
ED1003,C003,Hindi,Madhya Pradesh,23-Dec,216335,17008,199327,2023-Dec,12,2023
ED1006,C006,English,Maharashtra,24-Oct,303020,9716,293304,2024-Oct,10,2024
ED1002,C002,English,Delhi,20-Oct,360098,17536,342562,2020-Oct,10,2020
ED1008,C008,Hindi,Uttar Pradesh,23-Aug,298630,11882,286748,2023-Aug,8,2023
ED1004,C004,Hindi,Bihar,24-Sep,197044,9743,187301,2024-Sep,9,2024
ED1006,C006,English,Maharashtra,22-Oct,341316,10682,330634,2022-Oct,10,2022
ED1003,C003,Hindi,Madhya Pradesh,22-May,229715,13548,216167,2022-May,5,2022
ED1009,C009,Hindi,Gujarat,19-May,321591,22719,298872,2019-May,5,2019
ED1005,C005,Hindi,Rajasthan,21-Mar,454923,29154,425769,2021-Mar,3,2021
ED1003,C003,Hindi,Madhya Pradesh,19-Oct,291318,15276,276042,2019-Oct,10,2019
ED1002,C002,English,Delhi,19-Apr,385918,15631,370287,2019-Apr,4,2019
ED1006,C006,English,Maharashtra,19-Jan,421894,22522,399372,2019-Jan,1,2019
ED1004,C004,Hindi,Bihar,24-Feb,197427,7095,190332,2024-Feb,2,2024
ED1001,C001,Hindi,Uttar Pradesh,24-Sep,156904,6338,150566,2024-Sep,9,2024
ED1006,C006,English,Maharashtra,23-Feb,322438,17714,304724,2023-Feb,2,2023
ED1003,C003,Hindi,Madhya Pradesh,22-Sep,230079,13853,216226,2022-Sep,9,2022
ED1004,C004,Hindi,Bihar,23-Aug,218647,11455,207192,2023-Aug,8,2023
ED1004,C004,Hindi,Bihar,20-Sep,245314,13157,232157,2020-Sep,9,2020
ED1002,C002,English,Delhi,20-May,349433,22561,326872,2020-May,5,2020
ED1009,C009,Hindi,Gujarat,21-Oct,302901,14184,288717,2021-Oct,10,2021
ED1002,C002,English,Delhi,22-Oct,320199,24615,295584,2022-Oct,10,2022
ED1002,C002,English,Delhi,23-Jun,315684,17506,298178,2023-Jun,6,2023
ED1009,C009,Hindi,Gujarat,20-Mar,319438,14097,305341,2020-Mar,3,2020
ED1005,C005,Hindi,Rajasthan,19-Feb,474309,17406,456903,2019-Feb,2,2019
ED1004,C004,Hindi,Bihar,20-Nov,254696,11582,243114,2020-Nov,11,2020
ED1001,C001,Hindi,Uttar Pradesh,19-Jan,211806,11669,200137,2019-Jan,1,2019
ED1010,C010,Hindi,Uttar Pradesh,24-Apr,345007,12867,332140,2024-Apr,4,2024
ED1005,C005,Hindi,Rajasthan,22-Sep,395706,22363,373343,2022-Sep,9,2022
ED1008,C008,Hindi,Uttar Pradesh,20-Jan,357592,13802,343790,2020-Jan,1,2020
ED1006,C006,English,Maharashtra,19-Oct,402349,13818,388531,2019-Oct,10,2019
ED1004,C004,Hindi,Bihar,24-Mar,191673,7207,184466,2024-Mar,3,2024
ED1002,C002,English,Delhi,22-Sep,333296,26422,306874,2022-Sep,9,2022
ED1004,C004,Hindi,Bihar,20-Jan,242186,11562,230624,2020-Jan,1,2020
ED1005,C005,Hindi,Rajasthan,22-Oct,434571,22479,412092,2022-Oct,10,2022
ED1005,C005,Hindi,Rajasthan,23-Nov,376918,25370,351548,2023-Nov,11,2023
ED1004,C004,Hindi,Bihar,23-Nov,202428,10508,191920,2023-Nov,11,2023
ED1010,C010,Hindi,Uttar Pradesh,22-Apr,395165,31086,364079,2022-Apr,4,2022
ED1003,C003,Hindi,Madhya Pradesh,19-Jan,282436,10768,271668,2019-Jan,1,2019
ED1006,C006,English,Maharashtra,23-May,325865,14547,311318,2023-May,5,2023
ED1006,C006,English,Maharashtra,22-Sep,350362,25717,324645,2022-Sep,9,2022
ED1010,C010,Hindi,Uttar Pradesh,19-Mar,500405,28526,471879,2019-Mar,3,2019
ED1008,C008,Hindi,Uttar Pradesh,20-Aug,366111,19900,346211,2020-Aug,8,2020
ED1004,C004,Hindi,Bihar,23-May,212634,8837,203797,2023-May,5,2023
ED1007,C007,Hindi,Jharkhand,24-Jun,178080,8753,169327,2024-Jun,6,2024
ED1005,C005,Hindi,Rajasthan,20-Aug,445977,30381,415596,2020-Aug,8,2020
ED1005,C005,Hindi,Rajasthan,20-Nov,477280,23079,454201,2020-Nov,11,2020
ED1001,C001,Hindi,Uttar Pradesh,22-Nov,183103,8634,174469,2022-Nov,11,2022
ED1004,C004,Hindi,Bihar,22-Oct,215446,14739,200707,2022-Oct,10,2022
ED1003,C003,Hindi,Madhya Pradesh,23-Apr,238467,9716,228751,2023-Apr,4,2023
ED1010,C010,Hindi,Uttar Pradesh,24-Dec,374180,26217,347963,2024-Dec,12,2024
ED1009,C009,Hindi,Gujarat,21-Mar,296487,10136,286351,2021-Mar,3,2021
ED1002,C002,English,Delhi,21-Dec,328098,22971,305127,2021-Dec,12,2021
ED1007,C007,Hindi,Jharkhand,24-Mar,178757,9871,168886,2024-Mar,3,2024
ED1008,C008,Hindi,Uttar Pradesh,21-Oct,332029,20139,311890,2021-Oct,10,2021
ED1005,C005,Hindi,Rajasthan,24-Feb,362743,22008,340735,2024-Feb,2,2024
ED1002,C002,English,Delhi,21-May,333290,17654,315636,2021-May,5,2021
ED1006,C006,English,Maharashtra,22-Apr,341419,12054,329365,2022-Apr,4,2022
ED1009,C009,Hindi,Gujarat,24-Aug,231195,7247,223948,2024-Aug,8,2024
ED1008,C008,Hindi,Uttar Pradesh,20-Jun,379174,20291,358883,2020-Jun,6,2020
ED1006,C006,English,Maharashtra,19-Feb,420971,30706,390265,2019-Feb,2,2019
ED1003,C003,Hindi,Madhya Pradesh,21-Dec,258495,10417,248078,2021-Dec,12,2021
ED1005,C005,Hindi,Rajasthan,20-May,457401,22914,434487,2020-May,5,2020
ED1009,C009,Hindi,Gujarat,22-Jun,264467,13767,250700,2022-Jun,6,2022
ED1010,C010,Hindi,Uttar Pradesh,22-Aug,418387,32968,385419,2022-Aug,8,2022
ED1003,C003,Hindi,Madhya Pradesh,19-Jun,276093,8698,267395,2019-Jun,6,2019
ED1002,C002,English,Delhi,23-May,307469,18023,289446,2023-May,5,2023
ED1008,C008,Hindi,Uttar Pradesh,24-May,297245,19047,278198,2024-May,5,2024
ED1009,C009,Hindi,Gujarat,23-Jan,253619,9662,243957,2023-Jan,1,2023
ED1003,C003,Hindi,Madhya Pradesh,22-Jun,253273,13780,239493,2022-Jun,6,2022
ED1010,C010,Hindi,Uttar Pradesh,22-Sep,399465,25537,373928,2022-Sep,9,2022
ED1006,C006,English,Maharashtra,24-May,321247,20089,301158,2024-May,5,2024
ED1006,C006,English,Maharashtra,19-Dec,405002,23327,381675,2019-Dec,12,2019
ED1010,C010,Hindi,Uttar Pradesh,24-Feb,354606,14872,339734,2024-Feb,2,2024
ED1008,C008,Hindi,Uttar Pradesh,20-Mar,371097,12480,358617,2020-Mar,3,2020
ED1005,C005,Hindi,Rajasthan,21-Oct,439290,17740,421550,2021-Oct,10,2021
ED1010,C010,Hindi,Uttar Pradesh,23-Aug,401511,15689,385822,2023-Aug,8,2023
ED1002,C002,English,Delhi,24-Nov,290649,15885,274764,2024-Nov,11,2024
ED1002,C002,English,Delhi,24-Oct,287361,21671,265690,2024-Oct,10,2024
ED1006,C006,English,Maharashtra,24-Apr,301702,22930,278772,2024-Apr,4,2024
ED1005,C005,Hindi,Rajasthan,21-Sep,449135,28770,420365,2021-Sep,9,2021
ED1001,C001,Hindi,Uttar Pradesh,20-Aug,198483,13054,185429,2020-Aug,8,2020
ED1003,C003,Hindi,Madhya Pradesh,21-May,259870,10840,249030,2021-May,5,2021
ED1009,C009,Hindi,Gujarat,19-Sep,307061,13997,293064,2019-Sep,9,2019
ED1005,C005,Hindi,Rajasthan,21-Jan,427627,14963,412664,2021-Jan,1,2021
ED1010,C010,Hindi,Uttar Pradesh,20-Oct,436144,31892,404252,2020-Oct,10,2020
ED1001,C001,Hindi,Uttar Pradesh,20-Jan,192078,6990,185088,2020-Jan,1,2020
ED1005,C005,Hindi,Rajasthan,20-Jun,483654,14859,468795,2020-Jun,6,2020
ED1005,C005,Hindi,Rajasthan,24-Jul,348448,15182,333266,2024-Jul,7,2024
ED1001,C001,Hindi,Uttar Pradesh,21-Feb,179246,7859,171387,2021-Feb,2,2021
ED1008,C008,Hindi,Uttar Pradesh,21-Aug,333142,12782,320360,2021-Aug,8,2021
ED1003,C003,Hindi,Madhya Pradesh,21-Feb,257262,19914,237348,2021-Feb,2,2021
ED1001,C001,Hindi,Uttar Pradesh,22-Mar,172470,8671,163799,2022-Mar,3,2022
ED1008,C008,Hindi,Uttar Pradesh,24-Sep,278845,9840,269005,2024-Sep,9,2024
ED1004,C004,Hindi,Bihar,21-Jun,230619,8850,221769,2021-Jun,6,2021
ED1005,C005,Hindi,Rajasthan,19-Nov,495689,20328,475361,2019-Nov,11,2019
ED1007,C007,Hindi,Jharkhand,21-Oct,222697,7739,214958,2021-Oct,10,2021
ED1004,C004,Hindi,Bihar,23-Sep,221093,16270,204823,2023-Sep,9,2023
ED1003,C003,Hindi,Madhya Pradesh,19-Nov,276982,15860,261122,2019-Nov,11,2019
ED1002,C002,English,Delhi,23-Jul,298251,10127,288124,2023-Jul,7,2023
ED1010,C010,Hindi,Uttar Pradesh,21-Jul,446936,30980,415956,2021-Jul,7,2021
ED1005,C005,Hindi,Rajasthan,23-Jun,409139,23719,385420,2023-Jun,6,2023
ED1004,C004,Hindi,Bihar,24-Dec,206311,10875,195436,2024-Dec,12,2024
ED1002,C002,English,Delhi,22-Jun,320662,13153,307509,2022-Jun,6,2022
ED1006,C006,English,Maharashtra,22-Jan,356679,21708,334971,2022-Jan,1,2022
ED1003,C003,Hindi,Madhya Pradesh,21-Jun,258144,8017,250127,2021-Jun,6,2021
ED1008,C008,Hindi,Uttar Pradesh,19-Aug,376851,22825,354026,2019-Aug,8,2019
ED1010,C010,Hindi,Uttar Pradesh,23-Mar,371591,22365,349226,2023-Mar,3,2023
ED1001,C001,Hindi,Uttar Pradesh,23-Oct,172787,5803,166984,2023-Oct,10,2023
ED1010,C010,Hindi,Uttar Pradesh,19-Dec,500432,38021,462411,2019-Dec,12,2019
ED1004,C004,Hindi,Bihar,19-Jul,263919,11064,252855,2019-Jul,7,2019
ED1004,C004,Hindi,Bihar,24-May,206377,8550,197827,2024-May,5,2024
ED1001,C001,Hindi,Uttar Pradesh,20-Jun,195141,12695,182446,2020-Jun,6,2020
ED1010,C010,Hindi,Uttar Pradesh,24-Nov,358044,15164,342880,2024-Nov,11,2024
ED1005,C005,Hindi,Rajasthan,21-Nov,433596,27970,405626,2021-Nov,11,2021
ED1004,C004,Hindi,Bihar,22-Apr,221038,6872,214166,2022-Apr,4,2022
ED1007,C007,Hindi,Jharkhand,20-Apr,241690,8803,232887,2020-Apr,4,2020
ED1010,C010,Hindi,Uttar Pradesh,22-Jun,420921,19348,401573,2022-Jun,6,2022
ED1003,C003,Hindi,Madhya Pradesh,22-Nov,234009,14424,219585,2022-Nov,11,2022
ED1008,C008,Hindi,Uttar Pradesh,24-Dec,285163,11104,274059,2024-Dec,12,2024
ED1009,C009,Hindi,Gujarat,23-Dec,247551,18629,228922,2023-Dec,12,2023
ED1007,C007,Hindi,Jharkhand,19-May,245193,11188,234005,2019-May,5,2019
ED1002,C002,English,Delhi,20-Nov,367848,13467,354381,2020-Nov,11,2020
ED1003,C003,Hindi,Madhya Pradesh,22-Jan,244673,18000,226673,2022-Jan,1,2022
ED1005,C005,Hindi,Rajasthan,20-Feb,441835,20817,421018,2020-Feb,2,2020
ED1010,C010,Hindi,Uttar Pradesh,23-Dec,395877,22374,373503,2023-Dec,12,2023
ED1008,C008,Hindi,Uttar Pradesh,21-Jan,347194,14004,333190,2021-Jan,1,2021
ED1007,C007,Hindi,Jharkhand,23-Jul,205824,8938,196886,2023-Jul,7,2023
ED1007,C007,Hindi,Jharkhand,23-Apr,198726,11096,187630,2023-Apr,4,2023
ED1009,C009,Hindi,Gujarat,23-Nov,249976,9992,239984,2023-Nov,11,2023
ED1009,C009,Hindi,Gujarat,20-Jul,295001,21464,273537,2020-Jul,7,2020
ED1001,C001,Hindi,Uttar Pradesh,19-Jun,210775,10072,200703,2019-Jun,6,2019
ED1010,C010,Hindi,Uttar Pradesh,23-Oct,386914,26298,360616,2023-Oct,10,2023
ED1001,C001,Hindi,Uttar Pradesh,22-Oct,177713,12901,164812,2022-Oct,10,2022
ED1006,C006,English,Maharashtra,24-Sep,307852,21945,285907,2024-Sep,9,2024
ED1008,C008,Hindi,Uttar Pradesh,22-Mar,338562,26544,312018,2022-Mar,3,2022
ED1003,C003,Hindi,Madhya Pradesh,21-Apr,257144,15544,241600,2021-Apr,4,2021
ED1001,C001,Hindi,Uttar Pradesh,20-May,190618,7629,182989,2020-May,5,2020
ED1001,C001,Hindi,Uttar Pradesh,23-Jan,170434,5732,164702,2023-Jan,1,2023
ED1010,C010,Hindi,Uttar Pradesh,22-Dec,411852,14185,397667,2022-Dec,12,2022
ED1010,C010,Hindi,Uttar Pradesh,19-Nov,464625,33019,431606,2019-Nov,11,2019
ED1001,C001,Hindi,Uttar Pradesh,19-Apr,201220,6569,194651,2019-Apr,4,2019
ED1007,C007,Hindi,Jharkhand,23-Feb,193467,14012,179455,2023-Feb,2,2023
ED1007,C007,Hindi,Jharkhand,19-Nov,233314,10543,222771,2019-Nov,11,2019
ED1005,C005,Hindi,Rajasthan,21-May,417148,25010,392138,2021-May,5,2021
ED1010,C010,Hindi,Uttar Pradesh,20-Mar,477141,16661,460480,2020-Mar,3,2020
ED1004,C004,Hindi,Bihar,24-Aug,190879,7143,183736,2024-Aug,8,2024
ED1002,C002,English,Delhi,21-Jan,351519,15734,335785,2021-Jan,1,2021
ED1004,C004,Hindi,Bihar,24-Oct,202115,16068,186047,2024-Oct,10,2024
ED1007,C007,Hindi,Jharkhand,19-Dec,241389,18779,222610,2019-Dec,12,2019
ED1004,C004,Hindi,Bihar,19-Oct,254082,17431,236651,2019-Oct,10,2019
ED1001,C001,Hindi,Uttar Pradesh,21-Mar,190942,8737,182205,2021-Mar,3,2021
ED1010,C010,Hindi,Uttar Pradesh,20-Jun,448298,19049,429249,2020-Jun,6,2020
ED1004,C004,Hindi,Bihar,22-Dec,227071,12032,215039,2022-Dec,12,2022
ED1001,C001,Hindi,Uttar Pradesh,23-Mar,166088,9479,156609,2023-Mar,3,2023
ED1006,C006,English,Maharashtra,19-May,411524,12811,398713,2019-May,5,2019
ED1004,C004,Hindi,Bihar,20-Feb,250565,18691,231874,2020-Feb,2,2020
ED1001,C001,Hindi,Uttar Pradesh,22-Feb,166471,5323,161148,2022-Feb,2,2022
ED1003,C003,Hindi,Madhya Pradesh,20-Feb,267971,15069,252902,2020-Feb,2,2020
ED1004,C004,Hindi,Bihar,20-Oct,241553,13761,227792,2020-Oct,10,2020
ED1010,C010,Hindi,Uttar Pradesh,22-Jul,399865,17916,381949,2022-Jul,7,2022
ED1006,C006,English,Maharashtra,20-Mar,399016,16075,382941,2020-Mar,3,2020
ED1006,C006,English,Maharashtra,19-Nov,410682,12603,398079,2019-Nov,11,2019
ED1003,C003,Hindi,Madhya Pradesh,21-Aug,258613,17249,241364,2021-Aug,8,2021
ED1009,C009,Hindi,Gujarat,21-Nov,298775,17165,281610,2021-Nov,11,2021
ED1002,C002,English,Delhi,23-Aug,304256,23271,280985,2023-Aug,8,2023
ED1008,C008,Hindi,Uttar Pradesh,21-Mar,342639,14312,328327,2021-Mar,3,2021
ED1003,C003,Hindi,Madhya Pradesh,23-Mar,229761,13569,216192,2023-Mar,3,2023
ED1009,C009,Hindi,Gujarat,22-Jan,269131,11324,257807,2022-Jan,1,2022
ED1009,C009,Hindi,Gujarat,22-Sep,279981,11713,268268,2022-Sep,9,2022
ED1007,C007,Hindi,Jharkhand,21-Jan,224027,9523,214504,2021-Jan,1,2021
ED1010,C010,Hindi,Uttar Pradesh,20-Nov,468330,22547,445783,2020-Nov,11,2020
ED1007,C007,Hindi,Jharkhand,23-Jan,198669,15025,183644,2023-Jan,1,2023
ED1010,C010,Hindi,Uttar Pradesh,22-Nov,427465,30857,396608,2022-Nov,11,2022
ED1009,C009,Hindi,Gujarat,20-Dec,319761,24569,295192,2020-Dec,12,2020
ED1009,C009,Hindi,Gujarat,22-Jul,265621,15335,250286,2022-Jul,7,2022
ED1001,C001,Hindi,Uttar Pradesh,24-Aug,151526,6891,144635,2024-Aug,8,2024
ED1007,C007,Hindi,Jharkhand,22-Jun,199486,15667,183819,2022-Jun,6,2022
ED1003,C003,Hindi,Madhya Pradesh,21-Jan,248350,8423,239927,2021-Jan,1,2021
ED1007,C007,Hindi,Jharkhand,20-Jan,235068,8868,226200,2020-Jan,1,2020
ED1007,C007,Hindi,Jharkhand,22-Dec,199330,13445,185885,2022-Dec,12,2022
ED1003,C003,Hindi,Madhya Pradesh,20-Jul,263800,11988,251812,2020-Jul,7,2020
ED1005,C005,Hindi,Rajasthan,20-Oct,460138,25817,434321,2020-Oct,10,2020
ED1003,C003,Hindi,Madhya Pradesh,23-Feb,221274,8557,212717,2023-Feb,2,2023
ED1008,C008,Hindi,Uttar Pradesh,19-Sep,383817,30508,353309,2019-Sep,9,2019
ED1006,C006,English,Maharashtra,19-Jun,432670,17238,415432,2019-Jun,6,2019
ED1006,C006,English,Maharashtra,20-Dec,403461,15765,387696,2020-Dec,12,2020
ED1010,C010,Hindi,Uttar Pradesh,19-Jan,470435,37574,432861,2019-Jan,1,2019
ED1008,C008,Hindi,Uttar Pradesh,20-Apr,366678,28791,337887,2020-Apr,4,2020
ED1003,C003,Hindi,Madhya Pradesh,19-Sep,278122,12933,265189,2019-Sep,9,2019
ED1007,C007,Hindi,Jharkhand,23-Mar,188327,6479,181848,2023-Mar,3,2023
ED1007,C007,Hindi,Jharkhand,24-Apr,182586,9562,173024,2024-Apr,4,2024
ED1004,C004,Hindi,Bihar,19-Nov,257488,8160,249328,2019-Nov,11,2019
ED1009,C009,Hindi,Gujarat,22-May,286832,18358,268474,2022-May,5,2022
ED1009,C009,Hindi,Gujarat,20-Jun,321881,22403,299478,2020-Jun,6,2020
ED1002,C002,English,Delhi,21-Aug,353024,13150,339874,2021-Aug,8,2021
ED1006,C006,English,Maharashtra,24-Feb,321044,18300,302744,2024-Feb,2,2024
ED1006,C006,English,Maharashtra,23-Dec,321671,23740,297931,2023-Dec,12,2023
ED1010,C010,Hindi,Uttar Pradesh,19-Aug,502705,29789,472916,2019-Aug,8,2019
ED1008,C008,Hindi,Uttar Pradesh,22-May,333128,13029,320099,2022-May,5,2022
ED1002,C002,English,Delhi,19-Mar,370373,21245,349128,2019-Mar,3,2019
ED1002,C002,English,Delhi,22-Aug,322620,11020,311600,2022-Aug,8,2022
ED1006,C006,English,Maharashtra,22-Dec,350550,19990,330560,2022-Dec,12,2022
ED1010,C010,Hindi,Uttar Pradesh,22-Oct,408626,21177,387449,2022-Oct,10,2022
ED1002,C002,English,Delhi,22-Dec,317276,21051,296225,2022-Dec,12,2022
ED1001,C001,Hindi,Uttar Pradesh,23-Jun,158938,6724,152214,2023-Jun,6,2023
ED1003,C003,Hindi,Madhya Pradesh,19-Aug,287698,17754,269944,2019-Aug,8,2019
ED1006,C006,English,Maharashtra,22-Aug,344331,18026,326305,2022-Aug,8,2022
ED1010,C010,Hindi,Uttar Pradesh,21-Jun,415364,28191,387173,2021-Jun,6,2021
ED1003,C003,Hindi,Madhya Pradesh,24-Apr,217667,9028,208639,2024-Apr,4,2024
ED1007,C007,Hindi,Jharkhand,23-Nov,199474,10455,189019,2023-Nov,11,2023
ED1008,C008,Hindi,Uttar Pradesh,19-Dec,383849,15938,367911,2019-Dec,12,2019
ED1007,C007,Hindi,Jharkhand,24-Sep,191781,7657,184124,2024-Sep,9,2024
ED1008,C008,Hindi,Uttar Pradesh,23-Mar,295287,12082,283205,2023-Mar,3,2023
ED1001,C001,Hindi,Uttar Pradesh,19-Sep,210227,12778,197449,2019-Sep,9,2019
ED1009,C009,Hindi,Gujarat,19-Jul,316967,18921,298046,2019-Jul,7,2019
ED1001,C001,Hindi,Uttar Pradesh,22-Jan,176470,6256,170214,2022-Jan,1,2022
ED1007,C007,Hindi,Jharkhand,20-Sep,235511,7237,228274,2020-Sep,9,2020
ED1002,C002,English,Delhi,24-Aug,292105,10297,281808,2024-Aug,8,2024
ED1004,C004,Hindi,Bihar,22-Feb,225391,15358,210033,2022-Feb,2,2022
ED1005,C005,Hindi,Rajasthan,20-Apr,449446,23943,425503,2020-Apr,4,2020
ED1009,C009,Hindi,Gujarat,19-Oct,316135,18722,297413,2019-Oct,10,2019
ED1008,C008,Hindi,Uttar Pradesh,22-Apr,317426,14906,302520,2022-Apr,4,2022
ED1006,C006,English,Maharashtra,19-Sep,420151,29899,390252,2019-Sep,9,2019
ED1001,C001,Hindi,Uttar Pradesh,23-Dec,167015,9768,157247,2023-Dec,12,2023
ED1002,C002,English,Delhi,22-Apr,338604,25033,313571,2022-Apr,4,2022
ED1008,C008,Hindi,Uttar Pradesh,20-Feb,370090,13357,356733,2020-Feb,2,2020
ED1008,C008,Hindi,Uttar Pradesh,20-Oct,359740,11120,348620,2020-Oct,10,2020
ED1009,C009,Hindi,Gujarat,24-May,248981,11622,237359,2024-May,5,2024
ED1004,C004,Hindi,Bihar,22-Nov,232272,14451,217821,2022-Nov,11,2022
ED1009,C009,Hindi,Gujarat,21-Jun,301605,15271,286334,2021-Jun,6,2021
ED1005,C005,Hindi,Rajasthan,19-Oct,478235,17663,460572,2019-Oct,10,2019
ED1007,C007,Hindi,Jharkhand,22-Oct,201642,14242,187400,2022-Oct,10,2022
ED1006,C006,English,Maharashtra,23-Jul,335223,19435,315788,2023-Jul,7,2023
ED1003,C003,Hindi,Madhya Pradesh,19-Jul,297331,11267,286064,2019-Jul,7,2019
ED1007,C007,Hindi,Jharkhand,19-Feb,241078,17968,223110,2019-Feb,2,2019
ED1008,C008,Hindi,Uttar Pradesh,24-Jul,281380,19064,262316,2024-Jul,7,2024
ED1007,C007,Hindi,Jharkhand,19-Sep,244928,12322,232606,2019-Sep,9,2019
ED1010,C010,Hindi,Uttar Pradesh,21-Dec,427451,17045,410406,2021-Dec,12,2021
ED1004,C004,Hindi,Bihar,23-Mar,217142,6610,210532,2023-Mar,3,2023
ED1009,C009,Hindi,Gujarat,23-Mar,270995,18709,252286,2023-Mar,3,2023
ED1005,C005,Hindi,Rajasthan,24-Dec,383036,20697,362339,2024-Dec,12,2024
ED1009,C009,Hindi,Gujarat,24-Mar,240475,9878,230597,2024-Mar,3,2024
ED1007,C007,Hindi,Jharkhand,23-Sep,201743,10783,190960,2023-Sep,9,2023
ED1003,C003,Hindi,Madhya Pradesh,19-Apr,294838,9447,285391,2019-Apr,4,2019
ED1003,C003,Hindi,Madhya Pradesh,19-Mar,296371,14509,281862,2019-Mar,3,2019
ED1008,C008,Hindi,Uttar Pradesh,20-Nov,366921,23169,343752,2020-Nov,11,2020
ED1010,C010,Hindi,Uttar Pradesh,20-Jul,465825,29362,436463,2020-Jul,7,2020
ED1008,C008,Hindi,Uttar Pradesh,21-Dec,341258,24146,317112,2021-Dec,12,2021
ED1005,C005,Hindi,Rajasthan,24-Jan,378727,17567,361160,2024-Jan,1,2024
ED1007,C007,Hindi,Jharkhand,21-Aug,230706,7237,223469,2021-Aug,8,2021
ED1005,C005,Hindi,Rajasthan,22-Feb,398343,21392,376951,2022-Feb,2,2022
ED1003,C003,Hindi,Madhya Pradesh,22-Jul,249101,16099,233002,2022-Jul,7,2022
ED1002,C002,English,Delhi,23-Apr,292983,22927,270056,2023-Apr,4,2023
ED1009,C009,Hindi,Gujarat,21-Dec,283441,16320,267121,2021-Dec,12,2021
ED1002,C002,English,Delhi,24-Dec,281237,12155,269082,2024-Dec,12,2024
ED1010,C010,Hindi,Uttar Pradesh,22-Feb,402955,18291,384664,2022-Feb,2,2022
ED1003,C003,Hindi,Madhya Pradesh,23-Jun,233916,8410,225506,2023-Jun,6,2023
ED1004,C004,Hindi,Bihar,24-Apr,206098,15090,191008,2024-Apr,4,2024
ED1005,C005,Hindi,Rajasthan,19-Jun,474645,20349,454296,2019-Jun,6,2019
ED1006,C006,English,Maharashtra,22-May,341885,18674,323211,2022-May,5,2022
ED1002,C002,English,Delhi,23-Mar,317071,21657,295414,2023-Mar,3,2023
ED1003,C003,Hindi,Madhya Pradesh,22-Apr,245360,7943,237417,2022-Apr,4,2022
ED1003,C003,Hindi,Madhya Pradesh,23-Nov,219522,16943,202579,2023-Nov,11,2023
ED1007,C007,Hindi,Jharkhand,19-Jul,252228,10513,241715,2019-Jul,7,2019
ED1004,C004,Hindi,Bihar,21-Jul,248360,15715,232645,2021-Jul,7,2021
ED1006,C006,English,Maharashtra,23-Aug,324550,20306,304244,2023-Aug,8,2023
ED1009,C009,Hindi,Gujarat,24-Feb,232412,11666,220746,2024-Feb,2,2024
ED1002,C002,English,Delhi,23-Oct,300381,16472,283909,2023-Oct,10,2023
ED1006,C006,English,Maharashtra,22-Jul,353031,11203,341828,2022-Jul,7,2022
ED1010,C010,Hindi,Uttar Pradesh,21-Sep,420921,24243,396678,2021-Sep,9,2021
ED1008,C008,Hindi,Uttar Pradesh,23-Jul,297132,19299,277833,2023-Jul,7,2023
ED1004,C004,Hindi,Bihar,19-Apr,272198,18402,253796,2019-Apr,4,2019
ED1010,C010,Hindi,Uttar Pradesh,19-Jun,489575,27396,462179,2019-Jun,6,2019
ED1009,C009,Hindi,Gujarat,21-May,284209,8863,275346,2021-May,5,2021
ED1010,C010,Hindi,Uttar Pradesh,19-Sep,506401,28703,477698,2019-Sep,9,2019
ED1009,C009,Hindi,Gujarat,20-Aug,292723,11938,280785,2020-Aug,8,2020
ED1006,C006,English,Maharashtra,21-Mar,370814,16084,354730,2021-Mar,3,2021
ED1010,C010,Hindi,Uttar Pradesh,23-Jan,385935,14004,371931,2023-Jan,1,2023
ED1008,C008,Hindi,Uttar Pradesh,19-Jun,400540,18893,381647,2019-Jun,6,2019
ED1004,C004,Hindi,Bihar,23-Apr,209179,12026,197153,2023-Apr,4,2023
ED1007,C007,Hindi,Jharkhand,19-Oct,249706,15415,234291,2019-Oct,10,2019
ED1007,C007,Hindi,Jharkhand,24-May,176290,11631,164659,2024-May,5,2024
ED1002,C002,English,Delhi,22-May,338375,16342,322033,2022-May,5,2022
ED1004,C004,Hindi,Bihar,20-May,258377,18121,240256,2020-May,5,2020
ED1009,C009,Hindi,Gujarat,23-Feb,247852,14529,233323,2023-Feb,2,2023
ED1006,C006,English,Maharashtra,20-Feb,418157,23899,394258,2020-Feb,2,2020
ED1004,C004,Hindi,Bihar,20-Jun,249823,16039,233784,2020-Jun,6,2020
ED1008,C008,Hindi,Uttar Pradesh,24-Apr,289849,21452,268397,2024-Apr,4,2024
ED1005,C005,Hindi,Rajasthan,21-Jun,439438,17757,421681,2021-Jun,6,2021
ED1006,C006,English,Maharashtra,23-Mar,351024,15435,335589,2023-Mar,3,2023
ED1009,C009,Hindi,Gujarat,24-Jul,254073,10810,243263,2024-Jul,7,2024
ED1005,C005,Hindi,Rajasthan,24-Nov,353118,14665,338453,2024-Nov,11,2024
ED1004,C004,Hindi,Bihar,22-Jul,218233,10100,208133,2022-Jul,7,2022
ED1004,C004,Hindi,Bihar,24-Jul,191865,11363,180502,2024-Jul,7,2024
ED1006,C006,English,Maharashtra,20-May,416717,20879,395838,2020-May,5,2020
ED1006,C006,English,Maharashtra,21-Jan,368060,23621,344439,2021-Jan,1,2021
ED1004,C004,Hindi,Bihar,19-Sep,255312,18967,236345,2019-Sep,9,2019
ED1010,C010,Hindi,Uttar Pradesh,21-Nov,414728,30357,384371,2021-Nov,11,2021
ED1009,C009,Hindi,Gujarat,19-Dec,329058,17650,311408,2019-Dec,12,2019
ED1007,C007,Hindi,Jharkhand,22-May,209402,11971,197431,2022-May,5,2022
ED1005,C005,Hindi,Rajasthan,23-Dec,394044,24590,369454,2023-Dec,12,2023
ED1008,C008,Hindi,Uttar Pradesh,19-Feb,372778,24066,348712,2019-Feb,2,2019
ED1010,C010,Hindi,Uttar Pradesh,24-Jan,352843,26315,326528,2024-Jan,1,2024
ED1010,C010,Hindi,Uttar Pradesh,20-May,438755,21279,417476,2020-May,5,2020
ED1009,C009,Hindi,Gujarat,24-Dec,242429,10060,232369,2024-Dec,12,2024
ED1009,C009,Hindi,Gujarat,22-Feb,273483,12702,260781,2022-Feb,2,2022
ED1009,C009,Hindi,Gujarat,21-Jul,280815,18135,262680,2021-Jul,7,2021
ED1008,C008,Hindi,Uttar Pradesh,23-May,310510,14711,295799,2023-May,5,2023
ED1009,C009,Hindi,Gujarat,19-Feb,319110,17151,301959,2019-Feb,2,2019
ED1002,C002,English,Delhi,20-Feb,378800,13403,365397,2020-Feb,2,2020
ED1004,C004,Hindi,Bihar,21-Mar,248447,11548,236899,2021-Mar,3,2021
ED1003,C003,Hindi,Madhya Pradesh,20-Apr,279513,21009,258504,2020-Apr,4,2020
ED1008,C008,Hindi,Uttar Pradesh,20-Sep,366091,27741,338350,2020-Sep,9,2020
ED1001,C001,Hindi,Uttar Pradesh,21-Dec,183747,8214,175533,2021-Dec,12,2021
ED1008,C008,Hindi,Uttar Pradesh,22-Jan,311206,24855,286351,2022-Jan,1,2022
ED1003,C003,Hindi,Madhya Pradesh,21-Mar,257472,12583,244889,2021-Mar,3,2021
ED1009,C009,Hindi,Gujarat,22-Apr,263383,18967,244416,2022-Apr,4,2022
ED1009,C009,Hindi,Gujarat,21-Aug,283739,20831,262908,2021-Aug,8,2021
ED1010,C010,Hindi,Uttar Pradesh,21-May,414465,18439,396026,2021-May,5,2021
ED1002,C002,English,Delhi,20-Dec,349735,25128,324607,2020-Dec,12,2020
ED1008,C008,Hindi,Uttar Pradesh,23-Dec,293693,20074,273619,2023-Dec,12,2023
ED1004,C004,Hindi,Bihar,21-Jan,227221,17328,209893,2021-Jan,1,2021
ED1008,C008,Hindi,Uttar Pradesh,24-Nov,299971,20533,279438,2024-Nov,11,2024
ED1007,C007,Hindi,Jharkhand,21-May,231707,13514,218193,2021-May,5,2021
ED1008,C008,Hindi,Uttar Pradesh,23-Feb,300348,10038,290310,2023-Feb,2,2023
ED1009,C009,Hindi,Gujarat,23-Jul,249998,10800,239198,2023-Jul,7,2023
ED1003,C003,Hindi,Madhya Pradesh,24-Mar,213084,10977,202107,2024-Mar,3,2024
ED1006,C006,English,Maharashtra,21-Sep,385886,23622,362264,2021-Sep,9,2021
ED1006,C006,English,Maharashtra,22-Feb,361828,17506,344322,2022-Feb,2,2022
ED1009,C009,Hindi,Gujarat,21-Sep,284447,21726,262721,2021-Sep,9,2021
ED1004,C004,Hindi,Bihar,19-Feb,277678,18188,259490,2019-Feb,2,2019
ED1001,C001,Hindi,Uttar Pradesh,19-May,213822,6939,206883,2019-May,5,2019
ED1009,C009,Hindi,Gujarat,24-Jun,249959,15383,234576,2024-Jun,6,2024
ED1008,C008,Hindi,Uttar Pradesh,22-Jul,315365,10785,304580,2022-Jul,7,2022
ED1002,C002,English,Delhi,21-Mar,344462,25664,318798,2021-Mar,3,2021
ED1008,C008,Hindi,Uttar Pradesh,24-Oct,281599,12239,269360,2024-Oct,10,2024
ED1006,C006,English,Maharashtra,22-Nov,360956,14802,346154,2022-Nov,11,2022
ED1007,C007,Hindi,Jharkhand,24-Nov,186877,6163,180714,2024-Nov,11,2024
ED1001,C001,Hindi,Uttar Pradesh,22-Dec,179866,6404,173462,2022-Dec,12,2022
ED1001,C001,Hindi,Uttar Pradesh,21-Sep,191553,12629,178924,2021-Sep,9,2021
ED1003,C003,Hindi,Madhya Pradesh,23-Sep,229149,7087,222062,2023-Sep,9,2023
ED1002,C002,English,Delhi,24-Mar,294099,22931,271168,2024-Mar,3,2024
ED1001,C001,Hindi,Uttar Pradesh,21-Apr,176911,8458,168453,2021-Apr,4,2021
ED1009,C009,Hindi,Gujarat,23-Sep,245628,14654,230974,2023-Sep,9,2023
ED1004,C004,Hindi,Bihar,20-Mar,259573,8314,251259,2020-Mar,3,2020
ED1007,C007,Hindi,Jharkhand,23-Oct,194458,7833,186625,2023-Oct,10,2023
ED1006,C006,English,Maharashtra,20-Jul,411237,14933,396304,2020-Jul,7,2020
ED1005,C005,Hindi,Rajasthan,19-Jan,476937,25474,451463,2019-Jan,1,2019
ED1006,C006,English,Maharashtra,23-Nov,330041,15405,314636,2023-Nov,11,2023
ED1006,C006,English,Maharashtra,21-Aug,369967,25111,344856,2021-Aug,8,2021
ED1009,C009,Hindi,Gujarat,20-May,304022,23886,280136,2020-May,5,2020
ED1007,C007,Hindi,Jharkhand,24-Jul,174777,9071,165706,2024-Jul,7,2024
ED1002,C002,English,Delhi,24-Jul,296188,18293,277895,2024-Jul,7,2024
ED1001,C001,Hindi,Uttar Pradesh,24-Mar,161495,11730,149765,2024-Mar,3,2024
ED1007,C007,Hindi,Jharkhand,22-Apr,214527,7363,207164,2022-Apr,4,2022
ED1002,C002,English,Delhi,23-Sep,303202,12938,290264,2023-Sep,9,2023
ED1010,C010,Hindi,Uttar Pradesh,23-Apr,400526,25275,375251,2023-Apr,4,2023
ED1008,C008,Hindi,Uttar Pradesh,20-May,365086,25284,339802,2020-May,5,2020
ED1001,C001,Hindi,Uttar Pradesh,24-May,152776,8424,144352,2024-May,5,2024
ED1001,C001,Hindi,Uttar Pradesh,20-Mar,186109,6328,179781,2020-Mar,3,2020
ED1003,C003,Hindi,Madhya Pradesh,20-Jan,263752,10360,253392,2020-Jan,1,2020
ED1001,C001,Hindi,Uttar Pradesh,22-May,183598,10862,172736,2022-May,5,2022
ED1007,C007,Hindi,Jharkhand,24-Jan,189977,7511,182466,2024-Jan,1,2024
ED1006,C006,English,Maharashtra,20-Aug,394137,28202,365935,2020-Aug,8,2020
ED1003,C003,Hindi,Madhya Pradesh,22-Aug,241959,13178,228781,2022-Aug,8,2022
ED1004,C004,Hindi,Bihar,19-Jan,266133,19947,246186,2019-Jan,1,2019
ED1001,C001,Hindi,Uttar Pradesh,23-May,156940,4991,151949,2023-May,5,2023
ED1005,C005,Hindi,Rajasthan,23-Feb,402721,20474,382247,2023-Feb,2,2023
ED1005,C005,Hindi,Rajasthan,19-Aug,472599,18809,453790,2019-Aug,8,2019
ED1004,C004,Hindi,Bihar,21-Dec,232759,14188,218571,2021-Dec,12,2021
ED1007,C007,Hindi,Jharkhand,21-Jun,215646,12054,203592,2021-Jun,6,2021
ED1007,C007,Hindi,Jharkhand,20-Dec,241631,17057,224574,2020-Dec,12,2020
ED1010,C010,Hindi,Uttar Pradesh,24-Oct,372642,20339,352303,2024-Oct,10,2024
ED1004,C004,Hindi,Bihar,23-Jun,216732,11385,205347,2023-Jun,6,2023
ED1003,C003,Hindi,Madhya Pradesh,23-Oct,217132,7711,209421,2023-Oct,10,2023
ED1003,C003,Hindi,Madhya Pradesh,20-Jun,275941,12509,263432,2020-Jun,6,2020
ED1008,C008,Hindi,Uttar Pradesh,23-Apr,290811,22582,268229,2023-Apr,4,2023
ED1006,C006,English,Maharashtra,22-Jun,356241,19228,337013,2022-Jun,6,2022
ED1007,C007,Hindi,Jharkhand,22-Sep,213418,13578,199840,2022-Sep,9,2022
ED1002,C002,English,Delhi,21-Oct,341868,17970,323898,2021-Oct,10,2021
ED1008,C008,Hindi,Uttar Pradesh,24-Feb,284638,12119,272519,2024-Feb,2,2024
ED1006,C006,English,Maharashtra,21-Jun,389549,14397,375152,2021-Jun,6,2021
ED1001,C001,Hindi,Uttar Pradesh,19-Feb,198270,14522,183748,2019-Feb,2,2019
ED1010,C010,Hindi,Uttar Pradesh,20-Dec,474884,33059,441825,2020-Dec,12,2020
ED1008,C008,Hindi,Uttar Pradesh,23-Oct,314092,11885,302207,2023-Oct,10,2023
ED1002,C002,English,Delhi,19-Sep,364960,27638,337322,2019-Sep,9,2019
ED1003,C003,Hindi,Madhya Pradesh,24-Feb,212262,15742,196520,2024-Feb,2,2024
ED1001,C001,Hindi,Uttar Pradesh,21-Nov,183241,14530,168711,2021-Nov,11,2021
ED1008,C008,Hindi,Uttar Pradesh,19-May,393557,13129,380428,2019-May,5,2019
ED1006,C006,English,Maharashtra,24-Aug,319995,10479,309516,2024-Aug,8,2024
ED1007,C007,Hindi,Jharkhand,20-Nov,237095,10618,226477,2020-Nov,11,2020
ED1006,C006,English,Maharashtra,19-Jul,403289,20387,382902,2019-Jul,7,2019
ED1002,C002,English,Delhi,20-Aug,364920,17774,347146,2020-Aug,8,2020
ED1005,C005,Hindi,Rajasthan,23-Apr,372154,22146,350008,2023-Apr,4,2023
ED1008,C008,Hindi,Uttar Pradesh,24-Jan,278000,8569,269431,2024-Jan,1,2024
ED1005,C005,Hindi,Rajasthan,23-Oct,370926,25113,345813,2023-Oct,10,2023
ED1004,C004,Hindi,Bihar,21-Feb,239784,16422,223362,2021-Feb,2,2021
ED1001,C001,Hindi,Uttar Pradesh,20-Feb,205293,8838,196455,2020-Feb,2,2020
ED1005,C005,Hindi,Rajasthan,21-Apr,452804,14119,438685,2021-Apr,4,2021
ED1009,C009,Hindi,Gujarat,21-Jan,299988,10495,289493,2021-Jan,1,2021
ED1006,C006,English,Maharashtra,21-Apr,380638,13316,367322,2021-Apr,4,2021
ED1004,C004,Hindi,Bihar,23-Oct,205079,10916,194163,2023-Oct,10,2023
ED1003,C003,Hindi,Madhya Pradesh,20-Nov,262140,20514,241626,2020-Nov,11,2020
ED1010,C010,Hindi,Uttar Pradesh,24-Jun,357724,12898,344826,2024-Jun,6,2024
ED1009,C009,Hindi,Gujarat,24-Nov,247679,19108,228571,2024-Nov,11,2024
ED1007,C007,Hindi,Jharkhand,23-May,205551,12997,192554,2023-May,5,2023
ED1010,C010,Hindi,Uttar Pradesh,23-Jul,398429,17762,380667,2023-Jul,7,2023
ED1008,C008,Hindi,Uttar Pradesh,19-Jan,362751,14529,348222,2019-Jan,1,2019
ED1004,C004,Hindi,Bihar,21-Apr,246463,11672,234791,2021-Apr,4,2021
ED1008,C008,Hindi,Uttar Pradesh,24-Mar,284706,20245,264461,2024-Mar,3,2024
ED1008,C008,Hindi,Uttar Pradesh,23-Nov,302169,23058,279111,2023-Nov,11,2023
ED1003,C003,Hindi,Madhya Pradesh,22-Oct,231160,9887,221273,2022-Oct,10,2022
ED1007,C007,Hindi,Jharkhand,22-Aug,209478,7021,202457,2022-Aug,8,2022
ED1010,C010,Hindi,Uttar Pradesh,21-Oct,425905,16802,409103,2021-Oct,10,2021
ED1008,C008,Hindi,Uttar Pradesh,19-Jul,373047,29643,343404,2019-Jul,7,2019
ED1001,C001,Hindi,Uttar Pradesh,23-Nov,169050,12542,156508,2023-Nov,11,2023
ED1007,C007,Hindi,Jharkhand,22-Jul,218712,9783,208929,2022-Jul,7,2022
ED1008,C008,Hindi,Uttar Pradesh,23-Sep,303528,18662,284866,2023-Sep,9,2023
ED1004,C004,Hindi,Bihar,22-Jan,233409,13658,219751,2022-Jan,1,2022
ED1001,C001,Hindi,Uttar Pradesh,20-Oct,204356,13975,190381,2020-Oct,10,2020
ED1005,C005,Hindi,Rajasthan,21-Feb,426950,30256,396694,2021-Feb,2,2021
ED1007,C007,Hindi,Jharkhand,21-Apr,229370,7989,221381,2021-Apr,4,2021
ED1003,C003,Hindi,Madhya Pradesh,20-May,273866,12856,261010,2020-May,5,2020
ED1004,C004,Hindi,Bihar,24-Jan,197776,7686,190090,2024-Jan,1,2024
ED1003,C003,Hindi,Madhya Pradesh,22-Dec,231378,9764,221614,2022-Dec,12,2022
ED1006,C006,English,Maharashtra,21-Feb,386629,30682,355947,2021-Feb,2,2021
ED1006,C006,English,Maharashtra,23-Jun,350455,21184,329271,2023-Jun,6,2023
ED1007,C007,Hindi,Jharkhand,23-Dec,192912,14576,178336,2023-Dec,12,2023
ED1005,C005,Hindi,Rajasthan,23-Aug,395985,25158,370827,2023-Aug,8,2023
ED1005,C005,Hindi,Rajasthan,20-Sep,472940,35570,437370,2020-Sep,9,2020
ED1010,C010,Hindi,Uttar Pradesh,20-Feb,456793,23564,433229,2020-Feb,2,2020
ED1002,C002,English,Delhi,23-Nov,301072,23840,277232,2023-Nov,11,2023
ED1010,C010,Hindi,Uttar Pradesh,20-Apr,455526,21880,433646,2020-Apr,4,2020
ED1002,C002,English,Delhi,21-Apr,330327,25420,304907,2021-Apr,4,2021
ED1006,C006,English,Maharashtra,20-Jan,412578,30046,382532,2020-Jan,1,2020
ED1002,C002,English,Delhi,20-Apr,374554,13628,360926,2020-Apr,4,2020
ED1007,C007,Hindi,Jharkhand,21-Mar,231185,7705,223480,2021-Mar,3,2021
ED1005,C005,Hindi,Rajasthan,22-Jul,418750,30907,387843,2022-Jul,7,2022
ED1003,C003,Hindi,Madhya Pradesh,24-Nov,216889,7440,209449,2024-Nov,11,2024
ED1007,C007,Hindi,Jharkhand,21-Nov,228205,7750,220455,2021-Nov,11,2021
ED1002,C002,English,Delhi,23-Feb,315721,20264,295457,2023-Feb,2,2023
ED1009,C009,Hindi,Gujarat,22-Mar,284167,18704,265463,2022-Mar,3,2022
ED1001,C001,Hindi,Uttar Pradesh,20-Sep,205413,13482,191931,2020-Sep,9,2020
ED1010,C010,Hindi,Uttar Pradesh,23-May,379193,17610,361583,2023-May,5,2023
ED1001,C001,Hindi,Uttar Pradesh,24-Dec,152122,7049,145073,2024-Dec,12,2024
ED1002,C002,English,Delhi,21-Nov,356211,25456,330755,2021-Nov,11,2021
ED1004,C004,Hindi,Bihar,23-Jul,203130,12260,190870,2023-Jul,7,2023
ED1007,C007,Hindi,Jharkhand,19-Apr,253719,16510,237209,2019-Apr,4,2019
ED1002,C002,English,Delhi,21-Jul,348093,11620,336473,2021-Jul,7,2021
