edition_id,ad_category_id,quarter,ad_revenue,currency,ad_revenue_INR,year
ED1005,A001,2023-Q2,22614,EUR,"2,329,242",2023
ED1005,A002,2019-Q1,39367,USD,"3,385,562",2019
ED1001,A003,2023-Q3,3709860,INR,"3,709,860",2023
ED1003,A002,2023-Q3,40970,USD,"3,523,420",2023
ED1007,A003,2020-Q4,51779,USD,"4,452,994",2020
ED1001,A001,2024-Q2,4790190,INR,"4,790,190",2024
ED1001,A003,2024-Q2,4571581,INR,"4,571,581",2024
ED1003,A002,2019-Q1,2719829,INR,"2,719,829",2019
ED1005,A002,2019-Q2,3071973,INR,"3,071,973",2019
ED1006,A001,2021-Q3,1555116,INR,"1,555,116",2021
ED1010,A002,2023-Q4,4669088,INR,"4,669,088",2023
ED1007,A002,2020-Q2,4955352,INR,"4,955,352",2020
ED1001,A002,2022-Q2,49883,EUR,"5,137,949",2022
ED1002,A003,2021-Q2,4450464,INR,"4,450,464",2021
ED1006,A001,2024-Q4,1034680,INR,"1,034,680",2024
ED1005,A003,2022-Q2,1348728,INR,"1,348,728",2022
ED1002,A004,2020-Q1,1268118,INR,"1,268,118",2020
ED1009,A004,2023-Q2,2924089,INR,"2,924,089",2023
ED1004,A002,2022-Q3,2576243,INR,"2,576,243",2022
ED1003,A002,2024-Q4,27357,USD,"2,352,702",2024
ED1007,A004,2020-Q1,4539802,INR,"4,539,802",2020
ED1006,A003,2019-Q3,3066125,INR,"3,066,125",2019
ED1001,A002,2021-Q4,4288952,INR,"4,288,952",2021
ED1010,A001,2022-Q1,2750538,INR,"2,750,538",2022
ED1007,A003,2022-Q4,4542127,INR,"4,542,127",2022
ED1005,A001,2021-Q4,2013545,INR,"2,013,545",2021
ED1004,A001,2022-Q1,4448644,INR,"4,448,644",2022
ED1003,A001,2024-Q3,4048442,INR,"4,048,442",2024
ED1002,A002,2023-Q1,1924178,INR,"1,924,178",2023
ED1002,A004,2024-Q1,1020381,INR,"1,020,381",2024
ED1006,A003,2023-Q4,4644944,INR,"4,644,944",2023
ED1006,A004,2019-Q2,4384750,INR,"4,384,750",2019
ED1005,A002,2023-Q1,2445554,INR,"2,445,554",2023
ED1006,A004,2020-Q2,4843897,INR,"4,843,897",2020
ED1008,A004,2024-Q3,3051940,INR,"3,051,940",2024
ED1009,A001,2024-Q1,2561869,INR,"2,561,869",2024
ED1010,A001,2024-Q3,2354447,INR,"2,354,447",2024
ED1008,A001,2024-Q2,1388920,INR,"1,388,920",2024
ED1009,A002,2019-Q3,16344,USD,"1,405,584",2019
ED1007,A003,2024-Q1,3348030,INR,"3,348,030",2024
ED1005,A002,2020-Q1,4107380,INR,"4,107,380",2020
ED1002,A003,2024-Q2,1245991,INR,"1,245,991",2024
ED1001,A002,2023-Q1,1295165,INR,"1,295,165",2023
ED1010,A004,2024-Q2,3119807,INR,"3,119,807",2024
ED1006,A001,2023-Q3,4624468,INR,"4,624,468",2023
ED1002,A001,2019-Q1,1982122,INR,"1,982,122",2019
ED1005,A001,2023-Q3,3430992,INR,"3,430,992",2023
ED1009,A004,2020-Q4,25801,EUR,"2,657,503",2020
ED1010,A001,2019-Q2,51152,USD,"4,399,072",2019
ED1002,A001,2019-Q2,3111682,INR,"3,111,682",2019
ED1008,A003,2020-Q3,41630,EUR,"4,287,890",2020
ED1010,A002,2021-Q1,3077410,INR,"3,077,410",2021
ED1007,A002,2019-Q2,1537804,INR,"1,537,804",2019
ED1009,A003,2020-Q2,3950094,INR,"3,950,094",2020
ED1002,A001,2023-Q4,1158282,INR,"1,158,282",2023
ED1005,A001,2024-Q2,3610193,INR,"3,610,193",2024
ED1003,A002,2024-Q3,4525881,INR,"4,525,881",2024
ED1003,A001,2024-Q4,1557675,INR,"1,557,675",2024
ED1002,A001,2020-Q1,42185,USD,"3,627,910",2020
ED1005,A003,2022-Q2,36630,EUR,"3,772,890",2022
ED1008,A004,2021-Q2,2501403,INR,"2,501,403",2021
ED1001,A003,2019-Q4,1890078,INR,"1,890,078",2019
ED1002,A003,2019-Q3,1433751,INR,"1,433,751",2019
ED1006,A002,2021-Q4,30096,EUR,"3,099,888",2021
ED1004,A001,2021-Q4,4335023,INR,"4,335,023",2021
ED1002,A004,2021-Q1,2639961,INR,"2,639,961",2021
ED1010,A001,2019-Q3,1918764,INR,"1,918,764",2019
ED1003,A001,2019-Q4,21393,EUR,"2,203,479",2019
ED1008,A003,2020-Q4,1837077,INR,"1,837,077",2020
ED1009,A004,2020-Q3,2947293,INR,"2,947,293",2020
ED1010,A001,2020-Q3,49270,USD,"4,237,220",2020
ED1006,A003,2023-Q1,3928163,INR,"3,928,163",2023
ED1002,A002,2019-Q4,20041,USD,"1,723,526",2019
ED1006,A001,2020-Q4,1282723,INR,"1,282,723",2020
ED1003,A001,2019-Q2,3213538,INR,"3,213,538",2019
ED1008,A001,2021-Q3,2523860,INR,"2,523,860",2021
ED1009,A001,2019-Q2,46429,EUR,"4,782,187",2019
ED1005,A001,2023-Q3,4085719,INR,"4,085,719",2023
ED1010,A003,2024-Q3,4763723,INR,"4,763,723",2024
ED1004,A002,2021-Q3,3079147,INR,"3,079,147",2021
ED1008,A002,2021-Q2,3852657,INR,"3,852,657",2021
ED1005,A001,2020-Q3,49898,USD,"4,291,228",2020
ED1003,A002,2023-Q1,3981935,INR,"3,981,935",2023
ED1005,A001,2019-Q4,3826439,INR,"3,826,439",2019
ED1001,A003,2021-Q3,4270354,INR,"4,270,354",2021
ED1007,A004,2024-Q4,1153858,INR,"1,153,858",2024
ED1008,A001,2022-Q4,3729500,INR,"3,729,500",2022
ED1004,A001,2020-Q2,2759067,INR,"2,759,067",2020
ED1007,A003,2021-Q1,1940221,INR,"1,940,221",2021
ED1010,A002,2020-Q1,14187,EUR,"1,461,261",2020
ED1004,A001,2020-Q3,22254,EUR,"2,292,162",2020
ED1001,A003,2023-Q3,3552316,INR,"3,552,316",2023
ED1003,A003,2024-Q2,3459556,INR,"3,459,556",2024
ED1005,A003,2023-Q1,1351953,INR,"1,351,953",2023
ED1003,A002,2021-Q3,1691552,INR,"1,691,552",2021
ED1005,A002,2024-Q1,1142518,INR,"1,142,518",2024
ED1002,A004,2019-Q2,2528929,INR,"2,528,929",2019
ED1001,A001,2019-Q1,26280,USD,"2,260,080",2019
ED1008,A003,2022-Q3,4520446,INR,"4,520,446",2022
ED1002,A004,2022-Q1,4720623,INR,"4,720,623",2022
ED1005,A003,2019-Q2,3322438,INR,"3,322,438",2019
ED1010,A004,2024-Q3,2246906,INR,"2,246,906",2024
ED1005,A001,2020-Q4,23368,EUR,"2,406,904",2020
ED1005,A004,2024-Q2,16719,EUR,"1,722,057",2024
ED1003,A002,2024-Q2,59388,USD,"5,107,368",2024
ED1005,A004,2024-Q4,56656,USD,"4,872,416",2024
ED1003,A003,2022-Q1,1554365,INR,"1,554,365",2022
ED1004,A003,2020-Q3,2928356,INR,"2,928,356",2020
ED1004,A002,2019-Q4,4826050,INR,"4,826,050",2019
ED1010,A004,2019-Q4,3321909,INR,"3,321,909",2019
ED1002,A004,2022-Q4,3227168,INR,"3,227,168",2022
ED1007,A001,2020-Q3,2411207,INR,"2,411,207",2020
ED1009,A002,2022-Q4,35853,USD,"3,083,358",2022
ED1002,A003,2020-Q3,2557019,INR,"2,557,019",2020
ED1008,A004,2019-Q4,1722331,INR,"1,722,331",2019
ED1005,A002,2022-Q2,1962224,INR,"1,962,224",2022
ED1006,A003,2020-Q2,3737166,INR,"3,737,166",2020
ED1001,A002,2024-Q1,37535,EUR,"3,866,105",2024
ED1009,A004,2019-Q2,4958821,INR,"4,958,821",2019
ED1001,A004,2021-Q3,1657516,INR,"1,657,516",2021
ED1001,A004,2024-Q4,3845449,INR,"3,845,449",2024
ED1006,A001,2022-Q1,1744690,INR,"1,744,690",2022
ED1009,A001,2022-Q4,4564855,INR,"4,564,855",2022
ED1001,A004,2022-Q3,11892,EUR,"1,224,876",2022
ED1005,A001,2019-Q3,3003364,INR,"3,003,364",2019
ED1001,A001,2024-Q4,2534011,INR,"2,534,011",2024
ED1006,A002,2021-Q2,2946807,INR,"2,946,807",2021
ED1010,A003,2019-Q2,13495,USD,"1,160,570",2019
ED1009,A004,2020-Q1,13527,EUR,"1,393,281",2020
ED1007,A002,2021-Q3,12471,EUR,"1,284,513",2021
ED1010,A003,2021-Q1,3846340,INR,"3,846,340",2021
ED1006,A001,2024-Q1,4998136,INR,"4,998,136",2024
ED1004,A004,2019-Q2,3832278,INR,"3,832,278",2019
ED1008,A004,2023-Q1,44367,USD,"3,815,562",2023
ED1005,A001,2022-Q4,43816,USD,"3,768,176",2022
ED1010,A004,2024-Q1,1583347,INR,"1,583,347",2024
ED1002,A002,2024-Q2,1298949,INR,"1,298,949",2024
ED1001,A001,2019-Q3,4524919,INR,"4,524,919",2019
ED1004,A003,2019-Q3,2571209,INR,"2,571,209",2019
ED1003,A001,2020-Q3,3230011,INR,"3,230,011",2020
ED1003,A003,2020-Q4,1592124,INR,"1,592,124",2020
ED1003,A004,2023-Q3,44751,EUR,"4,609,353",2023
ED1002,A003,2024-Q1,4511324,INR,"4,511,324",2024
ED1007,A004,2024-Q4,4017641,INR,"4,017,641",2024
ED1006,A001,2021-Q4,36311,EUR,"3,740,033",2021
ED1001,A001,2022-Q2,2794391,INR,"2,794,391",2022
ED1002,A002,2022-Q1,2756304,INR,"2,756,304",2022
ED1009,A004,2024-Q3,4704138,INR,"4,704,138",2024
ED1001,A004,2023-Q3,4760181,INR,"4,760,181",2023
ED1003,A004,2020-Q1,4967293,INR,"4,967,293",2020
ED1007,A001,2021-Q3,37898,USD,"3,259,228",2021
ED1005,A001,2022-Q1,43994,USD,"3,783,484",2022
ED1008,A003,2021-Q2,40375,EUR,"4,158,625",2021
ED1001,A003,2021-Q1,3639758,INR,"3,639,758",2021
ED1008,A003,2022-Q1,3344710,INR,"3,344,710",2022
ED1004,A003,2022-Q3,3383607,INR,"3,383,607",2022
ED1008,A003,2022-Q4,17798,USD,"1,530,628",2022
ED1005,A003,2020-Q1,20528,EUR,"2,114,384",2020
ED1006,A003,2024-Q4,2926883,INR,"2,926,883",2024
ED1002,A003,2022-Q1,3019429,INR,"3,019,429",2022
ED1002,A004,2019-Q4,3136084,INR,"3,136,084",2019
ED1001,A002,2023-Q2,1013534,INR,"1,013,534",2023
ED1010,A002,2021-Q3,38032,USD,"3,270,752",2021
ED1009,A004,2019-Q1,1729353,INR,"1,729,353",2019
ED1009,A004,2020-Q1,4877131,INR,"4,877,131",2020
ED1004,A003,2024-Q2,50693,USD,"4,359,598",2024
ED1004,A001,2022-Q2,28097,EUR,"2,893,991",2022
ED1009,A001,2024-Q2,26211,EUR,"2,699,733",2024
ED1005,A002,2021-Q3,3851157,INR,"3,851,157",2021
ED1001,A001,2020-Q3,2333715,INR,"2,333,715",2020
ED1004,A002,2021-Q2,2403007,INR,"2,403,007",2021
ED1006,A003,2021-Q4,27882,EUR,"2,871,846",2021
ED1009,A001,2021-Q2,21809,USD,"1,875,574",2021
ED1007,A002,2024-Q3,1706575,INR,"1,706,575",2024
ED1001,A001,2024-Q1,59197,USD,"5,090,942",2024
ED1003,A001,2022-Q1,33479,USD,"2,879,194",2022
ED1008,A001,2019-Q1,1945999,INR,"1,945,999",2019
ED1001,A002,2021-Q2,2506056,INR,"2,506,056",2021
ED1003,A004,2024-Q1,3996707,INR,"3,996,707",2024
ED1010,A001,2023-Q2,2911019,INR,"2,911,019",2023
ED1004,A003,2023-Q1,2686607,INR,"2,686,607",2023
ED1005,A003,2024-Q3,3801474,INR,"3,801,474",2024
ED1007,A001,2022-Q1,3985309,INR,"3,985,309",2022
ED1010,A001,2020-Q3,49752,USD,"4,278,672",2020
ED1007,A001,2020-Q2,2348389,INR,"2,348,389",2020
ED1007,A003,2019-Q1,4953284,INR,"4,953,284",2019
ED1009,A001,2022-Q3,3605109,INR,"3,605,109",2022
ED1004,A004,2022-Q2,2320062,INR,"2,320,062",2022
ED1005,A004,2024-Q2,4816160,INR,"4,816,160",2024
ED1007,A003,2019-Q3,2332937,INR,"2,332,937",2019
ED1003,A002,2021-Q3,4699320,INR,"4,699,320",2021
ED1004,A003,2020-Q4,3249448,INR,"3,249,448",2020
ED1006,A001,2024-Q3,4255942,INR,"4,255,942",2024
ED1002,A001,2024-Q2,1465133,INR,"1,465,133",2024
ED1003,A004,2023-Q2,4537278,INR,"4,537,278",2023
ED1010,A004,2021-Q1,47342,USD,"4,071,412",2021
ED1003,A004,2020-Q3,2155154,INR,"2,155,154",2020
ED1005,A002,2024-Q3,47953,EUR,"4,939,159",2024
ED1009,A004,2023-Q3,1464311,INR,"1,464,311",2023
ED1007,A002,2022-Q1,1488118,INR,"1,488,118",2022
ED1009,A001,2019-Q1,2337161,INR,"2,337,161",2019
ED1007,A002,2022-Q1,2247318,INR,"2,247,318",2022
ED1005,A003,2021-Q3,4888599,INR,"4,888,599",2021
ED1008,A004,2021-Q3,1460599,INR,"1,460,599",2021
ED1002,A003,2021-Q3,39951,EUR,"4,114,953",2021
ED1002,A004,2022-Q3,4838223,INR,"4,838,223",2022
ED1010,A001,2021-Q2,36991,EUR,"3,810,073",2021
ED1003,A003,2024-Q3,1298402,INR,"1,298,402",2024
ED1009,A001,2024-Q4,4987124,INR,"4,987,124",2024
ED1006,A001,2020-Q4,59785,USD,"5,141,510",2020
ED1002,A003,2020-Q3,41753,USD,"3,590,758",2020
ED1001,A003,2019-Q3,3740973,INR,"3,740,973",2019
ED1002,A001,2020-Q2,2961688,INR,"2,961,688",2020
ED1008,A003,2022-Q2,1665511,INR,"1,665,511",2022
ED1010,A003,2022-Q2,16152,USD,"1,389,072",2022
ED1008,A003,2021-Q4,2351298,INR,"2,351,298",2021
ED1008,A004,2022-Q4,2521142,INR,"2,521,142",2022
ED1009,A002,2020-Q4,34789,USD,"2,991,854",2020
ED1010,A003,2023-Q1,3899226,INR,"3,899,226",2023
ED1002,A003,2024-Q3,45241,EUR,"4,659,823",2024
ED1001,A003,2021-Q2,2543139,INR,"2,543,139",2021
ED1001,A001,2022-Q3,3721926,INR,"3,721,926",2022
ED1001,A004,2022-Q3,1225358,INR,"1,225,358",2022
ED1002,A002,2019-Q1,2499244,INR,"2,499,244",2019
ED1003,A003,2020-Q4,4134867,INR,"4,134,867",2020
ED1008,A004,2023-Q2,14771,USD,"1,270,306",2023
ED1009,A003,2023-Q2,1897920,INR,"1,897,920",2023
ED1001,A001,2024-Q3,3069870,INR,"3,069,870",2024
ED1001,A001,2019-Q4,52794,EUR,"5,437,782",2019
ED1005,A004,2022-Q1,42133,USD,"3,623,438",2022
ED1009,A001,2019-Q4,3467112,INR,"3,467,112",2019
ED1003,A003,2021-Q4,4248571,INR,"4,248,571",2021
ED1004,A004,2024-Q4,4266866,INR,"4,266,866",2024
ED1008,A002,2022-Q3,2997151,INR,"2,997,151",2022
ED1007,A001,2019-Q1,2977322,INR,"2,977,322",2019
ED1010,A002,2022-Q1,15811,USD,"1,359,746",2022
ED1007,A003,2020-Q3,2702224,INR,"2,702,224",2020
ED1003,A001,2021-Q4,4013954,INR,"4,013,954",2021
ED1008,A001,2019-Q4,2231616,INR,"2,231,616",2019
ED1010,A004,2019-Q1,1241017,INR,"1,241,017",2019
ED1002,A003,2019-Q4,4972321,INR,"4,972,321",2019
ED1004,A002,2019-Q1,4062573,INR,"4,062,573",2019
ED1007,A002,2023-Q2,3266025,INR,"3,266,025",2023
ED1008,A002,2019-Q2,4837738,INR,"4,837,738",2019
ED1007,A002,2021-Q4,18674,EUR,"1,923,422",2021
ED1009,A004,2022-Q4,4788760,INR,"4,788,760",2022
ED1009,A004,2023-Q4,1291000,INR,"1,291,000",2023
ED1006,A004,2024-Q1,41204,EUR,"4,244,012",2024
ED1002,A004,2019-Q3,4715699,INR,"4,715,699",2019
ED1001,A003,2020-Q4,2221235,INR,"2,221,235",2020
ED1001,A004,2020-Q2,4191570,INR,"4,191,570",2020
ED1006,A003,2023-Q2,57934,USD,"4,982,324",2023
ED1007,A004,2020-Q1,46909,USD,"4,034,174",2020
ED1004,A003,2023-Q4,4925856,INR,"4,925,856",2023
ED1004,A003,2021-Q3,3419540,INR,"3,419,540",2021
ED1005,A003,2019-Q3,59752,USD,"5,138,672",2019
ED1008,A003,2021-Q1,4324602,INR,"4,324,602",2021
ED1007,A001,2023-Q3,2589267,INR,"2,589,267",2023
ED1004,A003,2023-Q1,49487,EUR,"5,097,161",2023
ED1006,A002,2020-Q3,15538,EUR,"1,600,414",2020
ED1005,A003,2022-Q3,2724025,INR,"2,724,025",2022
ED1005,A004,2022-Q4,11305,EUR,"1,164,415",2022
ED1006,A001,2024-Q2,1167061,INR,"1,167,061",2024
ED1001,A002,2019-Q4,3587082,INR,"3,587,082",2019
ED1004,A001,2021-Q4,4818857,INR,"4,818,857",2021
ED1001,A001,2020-Q4,1549024,INR,"1,549,024",2020
ED1004,A002,2019-Q2,1288919,INR,"1,288,919",2019
ED1009,A002,2023-Q2,2110041,INR,"2,110,041",2023
ED1010,A001,2023-Q3,3913874,INR,"3,913,874",2023
ED1006,A003,2019-Q1,22286,USD,"1,916,596",2019
ED1009,A002,2021-Q1,37279,USD,"3,205,994",2021
ED1003,A003,2023-Q4,3053015,INR,"3,053,015",2023
ED1006,A004,2024-Q4,20895,EUR,"2,152,185",2024
ED1002,A004,2020-Q4,4202938,INR,"4,202,938",2020
ED1008,A003,2023-Q3,1402920,INR,"1,402,920",2023
ED1004,A002,2024-Q3,51060,EUR,"5,259,180",2024
ED1006,A003,2022-Q4,3648057,INR,"3,648,057",2022
ED1003,A001,2022-Q2,4024129,INR,"4,024,129",2022
ED1009,A001,2019-Q2,2242474,INR,"2,242,474",2019
ED1005,A001,2021-Q1,58585,USD,"5,038,310",2021
ED1003,A004,2019-Q4,1446422,INR,"1,446,422",2019
ED1002,A003,2019-Q2,39842,USD,"3,426,412",2019
ED1006,A002,2019-Q1,1634846,INR,"1,634,846",2019
ED1004,A003,2024-Q1,4887198,INR,"4,887,198",2024
ED1001,A004,2024-Q3,3134304,INR,"3,134,304",2024
ED1006,A003,2023-Q1,2592351,INR,"2,592,351",2023
ED1003,A004,2022-Q3,2253751,INR,"2,253,751",2022
ED1004,A003,2023-Q3,49331,USD,"4,242,466",2023
ED1004,A004,2020-Q3,3012509,INR,"3,012,509",2020
ED1002,A002,2020-Q2,1330897,INR,"1,330,897",2020
ED1009,A002,2021-Q4,1568681,INR,"1,568,681",2021
ED1002,A002,2022-Q4,1697820,INR,"1,697,820",2022
ED1002,A002,2023-Q2,4180639,INR,"4,180,639",2023
ED1009,A002,2020-Q1,3922189,INR,"3,922,189",2020
ED1005,A003,2019-Q1,2915863,INR,"2,915,863",2019
ED1004,A002,2020-Q4,1901392,INR,"1,901,392",2020
ED1001,A004,2019-Q1,1157667,INR,"1,157,667",2019
ED1010,A003,2024-Q2,2070061,INR,"2,070,061",2024
ED1005,A001,2022-Q3,2801446,INR,"2,801,446",2022
ED1008,A001,2020-Q1,2577548,INR,"2,577,548",2020
ED1006,A004,2019-Q4,4269401,INR,"4,269,401",2019
ED1004,A001,2024-Q1,4680238,INR,"4,680,238",2024
ED1002,A001,2022-Q3,3183906,INR,"3,183,906",2022
ED1004,A002,2020-Q1,1363891,INR,"1,363,891",2020
ED1005,A002,2022-Q4,1539522,INR,"1,539,522",2022
ED1005,A003,2023-Q4,23255,EUR,"2,395,265",2023
ED1004,A002,2023-Q4,4114010,INR,"4,114,010",2023
ED1010,A003,2022-Q2,1967075,INR,"1,967,075",2022
ED1003,A004,2019-Q1,26820,EUR,"2,762,460",2019
ED1006,A004,2023-Q2,38727,USD,"3,330,522",2023
ED1006,A002,2022-Q3,3740502,INR,"3,740,502",2022
ED1010,A001,2019-Q1,1568648,INR,"1,568,648",2019
ED1008,A004,2020-Q3,20679,EUR,"2,129,937",2020
ED1004,A001,2023-Q2,3872634,INR,"3,872,634",2023
ED1007,A001,2024-Q2,51414,EUR,"5,295,642",2024
ED1005,A001,2020-Q3,51302,EUR,"5,284,106",2020
ED1005,A004,2020-Q4,2346714,INR,"2,346,714",2020
ED1001,A004,2022-Q4,1700429,INR,"1,700,429",2022
ED1004,A001,2022-Q4,1730145,INR,"1,730,145",2022
ED1003,A001,2023-Q2,34339,EUR,"3,536,917",2023
ED1010,A003,2024-Q4,1788698,INR,"1,788,698",2024
ED1009,A003,2021-Q1,3652377,INR,"3,652,377",2021
ED1002,A002,2021-Q4,2362968,INR,"2,362,968",2021
ED1007,A003,2024-Q1,38350,EUR,"3,950,050",2024
ED1008,A004,2021-Q4,1943532,INR,"1,943,532",2021
ED1005,A003,2024-Q1,3299534,INR,"3,299,534",2024
ED1002,A004,2021-Q2,55148,EUR,"5,680,244",2021
ED1006,A001,2022-Q2,23686,EUR,"2,439,658",2022
ED1009,A002,2024-Q3,2545604,INR,"2,545,604",2024
ED1008,A001,2020-Q2,23110,USD,"1,987,460",2020
ED1006,A002,2019-Q1,4673238,INR,"4,673,238",2019
ED1003,A003,2021-Q4,2257263,INR,"2,257,263",2021
ED1005,A001,2020-Q2,37693,EUR,"3,882,379",2020
ED1009,A004,2022-Q2,3795400,INR,"3,795,400",2022
ED1010,A003,2022-Q3,30934,EUR,"3,186,202",2022
ED1003,A001,2019-Q2,4636340,INR,"4,636,340",2019
ED1002,A003,2023-Q2,29249,USD,"2,515,414",2023
ED1008,A004,2024-Q2,1139960,INR,"1,139,960",2024
ED1009,A001,2023-Q1,4601761,INR,"4,601,761",2023
ED1003,A002,2022-Q2,3429276,INR,"3,429,276",2022
ED1010,A003,2022-Q3,1813545,INR,"1,813,545",2022
ED1006,A003,2024-Q2,4734800,INR,"4,734,800",2024
ED1006,A002,2019-Q4,3038452,INR,"3,038,452",2019
ED1010,A002,2024-Q1,2432030,INR,"2,432,030",2024
ED1008,A004,2020-Q1,3167891,INR,"3,167,891",2020
ED1005,A004,2021-Q4,2067307,INR,"2,067,307",2021
ED1010,A002,2023-Q3,3008673,INR,"3,008,673",2023
ED1002,A003,2024-Q4,30410,USD,"2,615,260",2024
ED1002,A004,2024-Q4,1736314,INR,"1,736,314",2024
ED1006,A001,2024-Q2,20777,EUR,"2,140,031",2024
ED1005,A001,2021-Q3,35180,USD,"3,025,480",2021
ED1001,A003,2020-Q3,3607897,INR,"3,607,897",2020
ED1003,A003,2021-Q2,2319824,INR,"2,319,824",2021
ED1009,A002,2019-Q3,3683837,INR,"3,683,837",2019
ED1005,A003,2021-Q1,4958980,INR,"4,958,980",2021
ED1010,A003,2020-Q4,4013324,INR,"4,013,324",2020
ED1001,A001,2020-Q1,2196738,INR,"2,196,738",2020
ED1005,A001,2020-Q2,21144,EUR,"2,177,832",2020
ED1005,A004,2024-Q3,3124393,INR,"3,124,393",2024
ED1001,A002,2021-Q1,15188,EUR,"1,564,364",2021
ED1008,A003,2021-Q3,3602288,INR,"3,602,288",2021
ED1003,A002,2021-Q1,35625,EUR,"3,669,375",2021
ED1001,A001,2022-Q1,2467151,INR,"2,467,151",2022
ED1008,A001,2024-Q3,1440157,INR,"1,440,157",2024
ED1004,A003,2021-Q2,23117,USD,"1,988,062",2021
ED1005,A003,2019-Q4,39530,USD,"3,399,580",2019
ED1007,A001,2021-Q4,2910074,INR,"2,910,074",2021
ED1004,A004,2023-Q3,3464732,INR,"3,464,732",2023
ED1003,A001,2019-Q4,41750,EUR,"4,300,250",2019
ED1002,A002,2023-Q3,49987,USD,"4,298,882",2023
ED1010,A003,2021-Q3,2361346,INR,"2,361,346",2021
ED1005,A002,2023-Q2,4410443,INR,"4,410,443",2023
ED1004,A001,2024-Q4,4810814,INR,"4,810,814",2024
ED1002,A002,2022-Q2,4984162,INR,"4,984,162",2022
ED1006,A001,2022-Q1,2236757,INR,"2,236,757",2022
ED1003,A003,2021-Q2,4221131,INR,"4,221,131",2021
ED1008,A001,2019-Q3,3072966,INR,"3,072,966",2019
ED1010,A004,2023-Q1,2331273,INR,"2,331,273",2023
ED1001,A002,2023-Q4,4878582,INR,"4,878,582",2023
ED1010,A003,2019-Q4,1433676,INR,"1,433,676",2019
ED1004,A001,2019-Q3,4477898,INR,"4,477,898",2019
ED1004,A004,2024-Q2,3762752,INR,"3,762,752",2024
ED1001,A003,2020-Q2,3106488,INR,"3,106,488",2020
ED1010,A003,2024-Q4,1971646,INR,"1,971,646",2024
ED1005,A004,2021-Q4,4560605,INR,"4,560,605",2021
ED1004,A002,2022-Q2,52646,EUR,"5,422,538",2022
ED1007,A003,2020-Q2,1113633,INR,"1,113,633",2020
ED1010,A004,2022-Q2,3171928,INR,"3,171,928",2022
ED1003,A002,2022-Q4,4872915,INR,"4,872,915",2022
ED1008,A002,2024-Q4,4506722,INR,"4,506,722",2024
ED1009,A001,2023-Q4,4786886,INR,"4,786,886",2023
ED1007,A003,2019-Q2,51671,EUR,"5,322,113",2019
ED1002,A003,2020-Q4,2708457,INR,"2,708,457",2020
ED1003,A002,2022-Q1,4550543,INR,"4,550,543",2022
ED1005,A003,2020-Q1,1069470,INR,"1,069,470",2020
ED1010,A001,2023-Q4,1717472,INR,"1,717,472",2023
ED1008,A001,2021-Q1,2650525,INR,"2,650,525",2021
ED1007,A003,2023-Q3,2937499,INR,"2,937,499",2023
ED1007,A003,2023-Q2,1917336,INR,"1,917,336",2023
ED1009,A001,2023-Q4,21745,USD,"1,870,070",2023
ED1009,A003,2020-Q3,1446083,INR,"1,446,083",2020
ED1001,A003,2019-Q2,2783959,INR,"2,783,959",2019
ED1010,A004,2023-Q4,22582,EUR,"2,325,946",2023
ED1001,A004,2022-Q4,2257381,INR,"2,257,381",2022
ED1006,A004,2024-Q3,1448247,INR,"1,448,247",2024
ED1008,A003,2022-Q1,1589196,INR,"1,589,196",2022
ED1003,A001,2021-Q2,16475,USD,"1,416,850",2021
ED1001,A001,2020-Q2,1548511,INR,"1,548,511",2020
ED1001,A003,2023-Q1,1621044,INR,"1,621,044",2023
ED1010,A002,2022-Q4,4967832,INR,"4,967,832",2022
ED1010,A001,2019-Q4,1889735,INR,"1,889,735",2019
ED1001,A004,2019-Q2,2173878,INR,"2,173,878",2019
ED1007,A003,2023-Q1,3509884,INR,"3,509,884",2023
ED1007,A003,2019-Q4,54711,USD,"4,705,146",2019
ED1005,A004,2021-Q2,2267404,INR,"2,267,404",2021
ED1010,A003,2020-Q1,2435643,INR,"2,435,643",2020
ED1004,A001,2024-Q3,3823559,INR,"3,823,559",2024
ED1002,A003,2021-Q1,4173283,INR,"4,173,283",2021
ED1004,A003,2024-Q4,2938517,INR,"2,938,517",2024
ED1007,A002,2019-Q4,1370821,INR,"1,370,821",2019
ED1004,A001,2019-Q4,4016088,INR,"4,016,088",2019
ED1001,A001,2021-Q1,48110,EUR,"4,955,330",2021
ED1010,A004,2020-Q2,3061306,INR,"3,061,306",2020
ED1004,A003,2022-Q4,3494727,INR,"3,494,727",2022
ED1001,A002,2023-Q1,30229,EUR,"3,113,587",2023
ED1006,A001,2019-Q2,3890750,INR,"3,890,750",2019
ED1004,A003,2020-Q1,3304212,INR,"3,304,212",2020
ED1001,A003,2022-Q1,24385,EUR,"2,511,655",2022
ED1003,A002,2020-Q1,33546,EUR,"3,455,238",2020
ED1004,A001,2020-Q4,3816051,INR,"3,816,051",2020
ED1010,A002,2022-Q3,15046,EUR,"1,549,738",2022
ED1006,A004,2020-Q1,38803,EUR,"3,996,709",2020
ED1006,A003,2019-Q4,33937,EUR,"3,495,511",2019
ED1003,A001,2021-Q3,48218,EUR,"4,966,454",2021
ED1009,A003,2021-Q4,49281,EUR,"5,075,943",2021
ED1002,A003,2023-Q3,3689392,INR,"3,689,392",2023
ED1008,A003,2021-Q1,22625,EUR,"2,330,375",2021
ED1003,A001,2023-Q1,4893012,INR,"4,893,012",2023
ED1009,A002,2022-Q1,3964411,INR,"3,964,411",2022
ED1009,A001,2022-Q3,2342218,INR,"2,342,218",2022
ED1007,A004,2021-Q1,3862439,INR,"3,862,439",2021
ED1010,A004,2020-Q4,4980925,INR,"4,980,925",2020
ED1007,A002,2023-Q1,1421291,INR,"1,421,291",2023
ED1010,A001,2022-Q4,2364194,INR,"2,364,194",2022
ED1009,A001,2020-Q4,2968799,INR,"2,968,799",2020
ED1009,A003,2022-Q3,55165,EUR,"5,681,995",2022
ED1001,A001,2024-Q3,4582286,INR,"4,582,286",2024
ED1007,A004,2022-Q2,34710,EUR,"3,575,130",2022
ED1003,A004,2021-Q1,2316140,INR,"2,316,140",2021
ED1007,A001,2020-Q1,3497742,INR,"3,497,742",2020
ED1007,A003,2022-Q4,4780497,INR,"4,780,497",2022
ED1003,A003,2020-Q3,3877434,INR,"3,877,434",2020
ED1005,A002,2020-Q4,49536,USD,"4,260,096",2020
ED1003,A001,2023-Q1,3185748,INR,"3,185,748",2023
ED1008,A003,2019-Q3,2873833,INR,"2,873,833",2019
ED1006,A003,2019-Q2,1422981,INR,"1,422,981",2019
ED1006,A003,2020-Q4,55483,USD,"4,771,538",2020
ED1010,A003,2019-Q1,2035190,INR,"2,035,190",2019
ED1008,A002,2020-Q2,22813,EUR,"2,349,739",2020
ED1003,A004,2019-Q3,4985211,INR,"4,985,211",2019
ED1007,A001,2023-Q1,2006650,INR,"2,006,650",2023
ED1007,A002,2024-Q2,3620989,INR,"3,620,989",2024
ED1004,A004,2019-Q4,3442364,INR,"3,442,364",2019
ED1009,A003,2022-Q2,1813467,INR,"1,813,467",2022
ED1009,A001,2020-Q2,4981686,INR,"4,981,686",2020
ED1002,A004,2021-Q3,33424,USD,"2,874,464",2021
ED1006,A002,2024-Q1,24914,USD,"2,142,604",2024
ED1006,A001,2023-Q4,4468958,INR,"4,468,958",2023
ED1010,A002,2019-Q3,34802,EUR,"3,584,606",2019
ED1008,A004,2022-Q2,37911,EUR,"3,904,833",2022
ED1002,A003,2019-Q1,1126588,INR,"1,126,588",2019
ED1002,A001,2022-Q3,4175234,INR,"4,175,234",2022
ED1006,A001,2022-Q4,3108487,INR,"3,108,487",2022
ED1010,A003,2022-Q4,1962982,INR,"1,962,982",2022
ED1002,A003,2022-Q4,4966317,INR,"4,966,317",2022
ED1001,A003,2023-Q2,4669703,INR,"4,669,703",2023
ED1003,A001,2019-Q3,4007884,INR,"4,007,884",2019
ED1006,A003,2022-Q3,23576,EUR,"2,428,328",2022
ED1010,A003,2021-Q2,3085027,INR,"3,085,027",2021
ED1003,A001,2024-Q2,2343727,INR,"2,343,727",2024
ED1007,A003,2023-Q4,23946,EUR,"2,466,438",2023
ED1008,A001,2019-Q4,4297881,INR,"4,297,881",2019
ED1007,A001,2024-Q3,4676770,INR,"4,676,770",2024
ED1008,A004,2023-Q1,4986784,INR,"4,986,784",2023
ED1001,A004,2019-Q3,2410985,INR,"2,410,985",2019
ED1009,A001,2019-Q3,2121905,INR,"2,121,905",2019
ED1001,A001,2022-Q1,29409,EUR,"3,029,127",2022
ED1007,A001,2020-Q3,1651218,INR,"1,651,218",2020
ED1002,A002,2024-Q3,13010,USD,"1,118,860",2024
ED1004,A003,2022-Q1,1805533,INR,"1,805,533",2022
ED1005,A004,2020-Q2,4342961,INR,"4,342,961",2020
ED1009,A001,2019-Q4,4946735,INR,"4,946,735",2019
ED1008,A004,2022-Q2,2400998,INR,"2,400,998",2022
ED1006,A001,2019-Q3,13499,EUR,"1,390,397",2019
ED1001,A003,2023-Q4,1935650,INR,"1,935,650",2023
ED1002,A003,2022-Q2,1132827,INR,"1,132,827",2022
ED1008,A003,2020-Q1,1284777,INR,"1,284,777",2020
ED1008,A002,2020-Q4,1144678,INR,"1,144,678",2020
ED1009,A001,2024-Q2,3173394,INR,"3,173,394",2024
ED1004,A002,2022-Q4,1148038,INR,"1,148,038",2022
ED1009,A001,2021-Q2,2275804,INR,"2,275,804",2021
ED1005,A002,2019-Q4,23778,EUR,"2,449,134",2019
ED1007,A001,2022-Q4,34207,USD,"2,941,802",2022
ED1006,A003,2023-Q3,43607,USD,"3,750,202",2023
ED1003,A001,2019-Q3,4456931,INR,"4,456,931",2019
ED1007,A002,2019-Q1,4532792,INR,"4,532,792",2019
ED1008,A003,2024-Q3,2913507,INR,"2,913,507",2024
ED1007,A003,2019-Q3,25420,EUR,"2,618,260",2019
ED1010,A001,2021-Q4,22988,EUR,"2,367,764",2021
ED1004,A003,2023-Q1,2164635,INR,"2,164,635",2023
ED1009,A004,2023-Q1,42391,USD,"3,645,626",2023
ED1005,A001,2024-Q4,2911066,INR,"2,911,066",2024
ED1009,A002,2024-Q1,2835620,INR,"2,835,620",2024
ED1007,A004,2023-Q3,27144,EUR,"2,795,832",2023
ED1003,A002,2019-Q2,1889084,INR,"1,889,084",2019
ED1003,A001,2019-Q1,2958468,INR,"2,958,468",2019
ED1008,A004,2020-Q4,4540171,INR,"4,540,171",2020
ED1010,A003,2020-Q3,4185890,INR,"4,185,890",2020
ED1008,A002,2021-Q4,2511683,INR,"2,511,683",2021
ED1005,A001,2024-Q1,3635048,INR,"3,635,048",2024
ED1007,A004,2021-Q3,3994862,INR,"3,994,862",2021
ED1005,A003,2022-Q1,3257281,INR,"3,257,281",2022
ED1003,A002,2022-Q3,4246611,INR,"4,246,611",2022
ED1002,A001,2023-Q2,1007440,INR,"1,007,440",2023
ED1009,A003,2021-Q4,2446120,INR,"2,446,120",2021
ED1002,A003,2024-Q4,4493893,INR,"4,493,893",2024
ED1010,A001,2022-Q1,1048719,INR,"1,048,719",2022
ED1003,A002,2023-Q2,2682267,INR,"2,682,267",2023
ED1004,A004,2024-Q2,4408072,INR,"4,408,072",2024
ED1005,A001,2019-Q2,1441950,INR,"1,441,950",2019
ED1006,A003,2022-Q2,2973670,INR,"2,973,670",2022
ED1002,A003,2023-Q1,49508,USD,"4,257,688",2023
ED1003,A003,2022-Q2,4711892,INR,"4,711,892",2022
ED1003,A002,2023-Q4,1602294,INR,"1,602,294",2023
ED1007,A003,2019-Q3,1040707,INR,"1,040,707",2019
ED1004,A001,2021-Q3,3602816,INR,"3,602,816",2021
ED1006,A002,2023-Q3,3736649,INR,"3,736,649",2023
ED1009,A003,2024-Q1,3068334,INR,"3,068,334",2024
ED1002,A001,2023-Q4,4557145,INR,"4,557,145",2023
ED1006,A001,2022-Q3,2584494,INR,"2,584,494",2022
ED1010,A001,2021-Q3,45409,EUR,"4,677,127",2021
ED1008,A003,2023-Q3,59989,USD,"5,159,054",2023
ED1004,A003,2019-Q2,2572015,INR,"2,572,015",2019
ED1010,A002,2019-Q2,18776,EUR,"1,933,928",2019
ED1009,A003,2021-Q2,4684030,INR,"4,684,030",2021
ED1010,A004,2019-Q3,24848,USD,"2,136,928",2019
ED1009,A003,2020-Q3,1371953,INR,"1,371,953",2020
ED1006,A003,2021-Q1,32130,EUR,"3,309,390",2021
ED1010,A002,2023-Q1,3081065,INR,"3,081,065",2023
ED1008,A001,2019-Q2,38480,EUR,"3,963,440",2019
ED1004,A003,2023-Q2,4961514,INR,"4,961,514",2023
ED1007,A002,2019-Q4,3446022,INR,"3,446,022",2019
ED1007,A003,2024-Q2,44814,USD,"3,854,004",2024
ED1002,A004,2022-Q2,3894529,INR,"3,894,529",2022
ED1004,A001,2020-Q2,1711910,INR,"1,711,910",2020
ED1009,A003,2023-Q1,19197,USD,"1,650,942",2023
ED1006,A002,2020-Q1,49948,USD,"4,295,528",2020
ED1004,A002,2020-Q2,42435,EUR,"4,370,805",2020
ED1008,A004,2024-Q2,1714777,INR,"1,714,777",2024
ED1005,A002,2021-Q2,58810,USD,"5,057,660",2021
ED1006,A001,2023-Q1,3556118,INR,"3,556,118",2023
ED1009,A003,2024-Q3,3242780,INR,"3,242,780",2024
ED1005,A002,2024-Q4,4284607,INR,"4,284,607",2024
ED1004,A003,2022-Q3,4130337,INR,"4,130,337",2022
ED1004,A003,2024-Q3,1226711,INR,"1,226,711",2024
ED1006,A004,2020-Q2,2848489,INR,"2,848,489",2020
ED1006,A003,2021-Q1,34111,USD,"2,933,546",2021
ED1004,A001,2019-Q3,4186647,INR,"4,186,647",2019
ED1010,A002,2021-Q4,30534,EUR,"3,145,002",2021
ED1009,A002,2019-Q4,47188,EUR,"4,860,364",2019
ED1007,A004,2022-Q2,18283,USD,"1,572,338",2022
ED1005,A001,2023-Q4,3943869,INR,"3,943,869",2023
ED1008,A003,2019-Q1,1629690,INR,"1,629,690",2019
ED1010,A004,2024-Q1,46596,USD,"4,007,256",2024
ED1010,A003,2020-Q2,50543,USD,"4,346,698",2020
ED1009,A004,2024-Q4,19207,USD,"1,651,802",2024
ED1009,A003,2022-Q1,4592455,INR,"4,592,455",2022
ED1009,A004,2021-Q3,27018,USD,"2,323,548",2021
ED1008,A001,2023-Q2,4967532,INR,"4,967,532",2023
ED1009,A003,2019-Q1,21877,EUR,"2,253,331",2019
ED1002,A001,2020-Q1,2646238,INR,"2,646,238",2020
ED1004,A003,2021-Q1,25762,USD,"2,215,532",2021
ED1003,A004,2020-Q2,2017027,INR,"2,017,027",2020
ED1008,A004,2020-Q3,1878059,INR,"1,878,059",2020
ED1001,A001,2021-Q4,2104949,INR,"2,104,949",2021
ED1008,A001,2022-Q1,2665096,INR,"2,665,096",2022
ED1003,A001,2021-Q1,45565,EUR,"4,693,195",2021
ED1009,A002,2022-Q2,1005833,INR,"1,005,833",2022
ED1009,A003,2021-Q3,2349198,INR,"2,349,198",2021
ED1010,A002,2021-Q2,3397133,INR,"3,397,133",2021
ED1002,A001,2020-Q4,2676615,INR,"2,676,615",2020
ED1008,A002,2023-Q4,4234838,INR,"4,234,838",2023
ED1004,A001,2021-Q1,2456742,INR,"2,456,742",2021
ED1008,A004,2024-Q4,1607664,INR,"1,607,664",2024
ED1007,A004,2021-Q2,1700195,INR,"1,700,195",2021
ED1008,A003,2023-Q1,32444,USD,"2,790,184",2023
ED1009,A004,2023-Q3,3402477,INR,"3,402,477",2023
ED1003,A002,2024-Q1,3664114,INR,"3,664,114",2024
ED1006,A001,2021-Q3,16039,USD,"1,379,354",2021
ED1006,A003,2022-Q1,4117736,INR,"4,117,736",2022
ED1009,A001,2021-Q3,2170763,INR,"2,170,763",2021
ED1004,A004,2019-Q1,2809027,INR,"2,809,027",2019
ED1001,A001,2019-Q2,3695135,INR,"3,695,135",2019
ED1009,A003,2024-Q2,1478853,INR,"1,478,853",2024
ED1008,A001,2022-Q3,4738474,INR,"4,738,474",2022
ED1002,A004,2021-Q1,4774237,INR,"4,774,237",2021
ED1008,A003,2024-Q4,39885,USD,"3,430,110",2024
ED1006,A001,2022-Q4,2169207,INR,"2,169,207",2022
ED1007,A003,2024-Q4,4974528,INR,"4,974,528",2024
ED1001,A003,2022-Q4,4772787,INR,"4,772,787",2022
ED1001,A002,2021-Q3,55134,USD,"4,741,524",2021
ED1003,A001,2023-Q3,1973364,INR,"1,973,364",2023
ED1002,A001,2024-Q1,1394357,INR,"1,394,357",2024
ED1001,A001,2021-Q2,3966415,INR,"3,966,415",2021
ED1009,A001,2023-Q3,21459,EUR,"2,210,277",2023
ED1004,A002,2020-Q1,1570853,INR,"1,570,853",2020
ED1007,A001,2023-Q4,1612425,INR,"1,612,425",2023
ED1006,A001,2020-Q3,1623335,INR,"1,623,335",2020
ED1005,A001,2019-Q1,36491,USD,"3,138,226",2019
ED1006,A002,2023-Q4,12290,USD,"1,056,940",2023
ED1006,A003,2021-Q3,27832,EUR,"2,866,696",2021
ED1009,A002,2020-Q2,4660210,INR,"4,660,210",2020
ED1007,A003,2024-Q3,2336952,INR,"2,336,952",2024
ED1002,A003,2024-Q3,1283216,INR,"1,283,216",2024
ED1001,A004,2024-Q1,27266,USD,"2,344,876",2024
ED1007,A002,2022-Q2,2425602,INR,"2,425,602",2022
ED1002,A003,2023-Q3,4724579,INR,"4,724,579",2023
ED1010,A004,2023-Q2,2676505,INR,"2,676,505",2023
ED1008,A001,2020-Q2,1271035,INR,"1,271,035",2020
ED1001,A001,2024-Q2,18572,EUR,"1,912,916",2024
ED1001,A003,2020-Q1,4541077,INR,"4,541,077",2020
ED1003,A003,2020-Q1,40112,EUR,"4,131,536",2020
ED1001,A001,2022-Q2,3205772,INR,"3,205,772",2022
ED1007,A004,2024-Q1,2112519,INR,"2,112,519",2024
ED1006,A001,2020-Q3,3687266,INR,"3,687,266",2020
ED1003,A001,2022-Q3,4205147,INR,"4,205,147",2022
ED1004,A003,2019-Q1,2265768,INR,"2,265,768",2019
ED1001,A002,2023-Q2,2483459,INR,"2,483,459",2023
ED1005,A001,2023-Q1,2150662,INR,"2,150,662",2023
ED1005,A002,2019-Q3,2500877,INR,"2,500,877",2019
ED1004,A003,2021-Q4,2039998,INR,"2,039,998",2021
ED1007,A003,2021-Q2,4260601,INR,"4,260,601",2021
ED1007,A001,2020-Q4,1338225,INR,"1,338,225",2020
ED1010,A003,2024-Q4,4377444,INR,"4,377,444",2024
ED1004,A004,2023-Q2,2622090,INR,"2,622,090",2023
ED1003,A001,2023-Q4,2948726,INR,"2,948,726",2023
ED1003,A001,2020-Q2,2045271,INR,"2,045,271",2020
ED1008,A001,2023-Q2,16232,USD,"1,395,952",2023
ED1006,A004,2022-Q2,16559,USD,"1,424,074",2022
ED1007,A001,2022-Q3,3711664,INR,"3,711,664",2022
ED1002,A003,2021-Q4,3150304,INR,"3,150,304",2021
ED1008,A003,2024-Q1,31315,EUR,"3,225,445",2024
ED1006,A001,2021-Q2,26070,EUR,"2,685,210",2021
ED1001,A002,2019-Q1,4435378,INR,"4,435,378",2019
ED1010,A002,2020-Q4,1990495,INR,"1,990,495",2020
ED1008,A003,2023-Q4,1096674,INR,"1,096,674",2023
ED1002,A001,2019-Q3,2936467,INR,"2,936,467",2019
ED1003,A001,2024-Q1,30418,EUR,"3,133,054",2024
ED1001,A003,2021-Q4,30491,USD,"2,622,226",2021
ED1008,A003,2019-Q2,3170086,INR,"3,170,086",2019
ED1006,A004,2024-Q3,4540957,INR,"4,540,957",2024
ED1007,A003,2020-Q4,3184920,INR,"3,184,920",2020
ED1006,A004,2019-Q3,4030737,INR,"4,030,737",2019
ED1002,A001,2020-Q3,40774,USD,"3,506,564",2020
ED1005,A003,2023-Q2,37087,USD,"3,189,482",2023
ED1008,A002,2024-Q1,4624074,INR,"4,624,074",2024
ED1005,A002,2023-Q4,4129239,INR,"4,129,239",2023
ED1004,A004,2021-Q1,35273,EUR,"3,633,119",2021
ED1001,A004,2020-Q1,3709171,INR,"3,709,171",2020
ED1005,A003,2021-Q2,1190378,INR,"1,190,378",2021
ED1009,A002,2021-Q1,1654700,INR,"1,654,700",2021
ED1006,A001,2021-Q2,4989760,INR,"4,989,760",2021
ED1004,A004,2023-Q4,2078245,INR,"2,078,245",2023
ED1003,A002,2020-Q4,12273,USD,"1,055,478",2020
ED1010,A003,2024-Q2,1682639,INR,"1,682,639",2024
ED1009,A001,2024-Q4,2630209,INR,"2,630,209",2024
ED1007,A004,2023-Q2,1600593,INR,"1,600,593",2023
ED1010,A002,2023-Q3,2398271,INR,"2,398,271",2023
ED1008,A002,2019-Q1,1676873,INR,"1,676,873",2019
ED1004,A002,2021-Q2,3087268,INR,"3,087,268",2021
ED1008,A003,2024-Q1,2895087,INR,"2,895,087",2024
ED1008,A004,2023-Q4,4705301,INR,"4,705,301",2023
ED1003,A001,2022-Q4,1450598,INR,"1,450,598",2022
ED1007,A001,2022-Q3,2773154,INR,"2,773,154",2022
ED1010,A004,2021-Q4,2003505,INR,"2,003,505",2021
ED1008,A001,2019-Q3,36663,EUR,"3,776,289",2019
ED1001,A002,2023-Q4,48288,EUR,"4,973,664",2023
ED1007,A004,2022-Q3,39751,USD,"3,418,586",2022
ED1008,A001,2023-Q3,1294633,INR,"1,294,633",2023
ED1004,A003,2022-Q1,1463619,INR,"1,463,619",2022
ED1001,A004,2020-Q4,1635330,INR,"1,635,330",2020
ED1005,A001,2021-Q1,1298054,INR,"1,298,054",2021
ED1007,A001,2021-Q2,48055,USD,"4,132,730",2021
ED1003,A002,2020-Q2,16390,USD,"1,409,540",2020
ED1004,A001,2024-Q1,4137507,INR,"4,137,507",2024
ED1003,A003,2022-Q4,4320534,INR,"4,320,534",2022
ED1006,A001,2021-Q1,4951068,INR,"4,951,068",2021
ED1006,A001,2023-Q2,1928197,INR,"1,928,197",2023
ED1007,A004,2023-Q4,2774254,INR,"2,774,254",2023
ED1005,A003,2023-Q3,4163232,INR,"4,163,232",2023
ED1005,A003,2020-Q3,1986578,INR,"1,986,578",2020
ED1010,A004,2020-Q1,3454438,INR,"3,454,438",2020
ED1002,A002,2023-Q4,3263186,INR,"3,263,186",2023
ED1010,A002,2020-Q2,17146,USD,"1,474,556",2020
ED1002,A002,2021-Q2,1599170,INR,"1,599,170",2021
ED1006,A001,2020-Q1,4563048,INR,"4,563,048",2020
ED1002,A004,2020-Q2,3624128,INR,"3,624,128",2020
ED1007,A001,2021-Q1,1095249,INR,"1,095,249",2021
ED1005,A003,2022-Q3,14634,USD,"1,258,524",2022
ED1003,A003,2024-Q4,2368313,INR,"2,368,313",2024
ED1007,A003,2021-Q4,2062449,INR,"2,062,449",2021
ED1002,A001,2023-Q1,2867547,INR,"2,867,547",2023
ED1009,A004,2022-Q1,4945671,INR,"4,945,671",2022
ED1001,A001,2020-Q3,2179280,INR,"2,179,280",2020
ED1010,A001,2023-Q2,49437,EUR,"5,092,011",2023
ED1001,A004,2024-Q4,1796584,INR,"1,796,584",2024
ED1002,A004,2021-Q4,3341770,INR,"3,341,770",2021
ED1004,A001,2023-Q3,35322,USD,"3,037,692",2023
ED1007,A002,2019-Q2,4981620,INR,"4,981,620",2019
ED1002,A003,2021-Q3,17093,USD,"1,469,998",2021
,,,,,,
